company_url,last_day_with_right,operation_type,parameter
https://www.gpw.pl//spolka?isin=PLARHCM00016,2024-07-09,Dywidenda,0.64
https://www.gpw.pl//spolka?isin=PLARHCM00016,2023-07-12,Dywidenda,2.12
https://www.gpw.pl//spolka?isin=PLARHCM00016,2022-07-12,Dywidenda,0.14
https://www.gpw.pl//spolka?isin=PLARHCM00016,2021-07-08,Dywidenda,1.18
https://www.gpw.pl//spolka?isin=PLARHCM00016,2019-06-27,Dywidenda,1.15
https://www.gpw.pl//spolka?isin=PLKPPD000017,2023-07-19,Dywidenda,4.0
https://www.gpw.pl//spolka?isin=PLKPPD000017,2022-07-20,Dywidenda,2.0
https://www.gpw.pl//spolka?isin=PLKPPD000017,2008-06-17,Dywidenda,1.75
https://www.gpw.pl//spolka?isin=PLPGER000010,2016-09-21,Dywidenda,0.25
https://www.gpw.pl//spolka?isin=PLPGER000010,2015-09-22,Dywidenda,0.78
https://www.gpw.pl//spolka?isin=PLPGER000010,2014-09-02,Dywidenda,1.1
https://www.gpw.pl//spolka?isin=PLPGER000010,2013-09-02,Dywidenda,0.86
https://www.gpw.pl//spolka?isin=PLPGER000010,2012-08-17,Dywidenda,1.83
https://www.gpw.pl//spolka?isin=PLTLKPL00017,2025-06-23,Dywidenda,0.53
https://www.gpw.pl//spolka?isin=PLTLKPL00017,2024-06-24,Dywidenda,0.48
https://www.gpw.pl//spolka?isin=PLTLKPL00017,2023-07-10,Dywidenda,0.35
https://www.gpw.pl//spolka?isin=PLTLKPL00017,2022-06-20,Dywidenda,0.25
https://www.gpw.pl//spolka?isin=PLTLKPL00017,2016-06-20,Dywidenda,0.25
https://www.gpw.pl//spolka?isin=PLTRNSP00013,2024-08-14,Dywidenda,0.11
https://www.gpw.pl//spolka?isin=PLTRNSP00013,2023-08-11,Dywidenda,0.5
https://www.gpw.pl//spolka?isin=PLTRNSP00013,2022-08-11,Dywidenda,0.13
https://www.gpw.pl//spolka?isin=PLTRNSP00013,2021-08-12,Dywidenda,0.27
https://www.gpw.pl//spolka?isin=PLTRNSP00013,2020-12-10,Dywidenda,0.09
https://www.gpw.pl/spolka?isin=AT0000827209,2020-10-06,Dywidenda,0.0300
https://www.gpw.pl/spolka?isin=AT0000827209,2019-06-05,Dywidenda,0.0600
https://www.gpw.pl/spolka?isin=AT0000827209,2018-06-19,Dywidenda,0.0600
https://www.gpw.pl/spolka?isin=AT0000827209,2010-04-20,Prawo poboru,11.00 : 4.00
https://www.gpw.pl/spolka?isin=AT0000827209,2008-05-28,Dywidenda,0.2500
https://www.gpw.pl/spolka?isin=AT0000A21KS2,2021-10-20,Dywidenda,0.7500
https://www.gpw.pl/spolka?isin=AT0000A21KS2,2019-05-23,Dywidenda,0.8500
https://www.gpw.pl/spolka?isin=BG1100114062,2021-06-01,Prawo poboru,5.00 : 2.00
https://www.gpw.pl/spolka?isin=BG1100114062,2019-07-10,Dywidenda,0.0125
https://www.gpw.pl/spolka?isin=BG1100114062,2019-04-30,Prawo poboru,5.00 : 2.00
https://www.gpw.pl/spolka?isin=BG1100114062,2018-07-11,Dywidenda,0.0090
https://www.gpw.pl/spolka?isin=BG1100114062,2017-10-12,Prawo poboru,4.00 : 1.00
https://www.gpw.pl/spolka?isin=BG11SOSOBT18,2024-07-10,Dywidenda,0.0900
https://www.gpw.pl/spolka?isin=BG11SOSOBT18,2023-06-14,Dywidenda,0.6000
https://www.gpw.pl/spolka?isin=BG11SOSOBT18,2020-06-17,Dywidenda,0.0700
https://www.gpw.pl/spolka?isin=BG11SOSOBT18,2018-06-27,Dywidenda,0.1100
https://www.gpw.pl/spolka?isin=BG11SOSOBT18,2017-06-13,Dywidenda,0.1000
https://www.gpw.pl/spolka?isin=CY1000031710,2025-05-15,Dywidenda,0.3000
https://www.gpw.pl/spolka?isin=CY1000031710,2024-06-13,Dywidenda,0.3000
https://www.gpw.pl/spolka?isin=CY1000031710,2023-06-22,Dywidenda,0.2500
https://www.gpw.pl/spolka?isin=CY1000031710,2022-05-12,Dywidenda,0.1000
https://www.gpw.pl/spolka?isin=CY1000031710,2021-05-13,Dywidenda,0.2000
https://www.gpw.pl/spolka?isin=CZ0005112300,2025-06-25,Dywidenda,47.0000
https://www.gpw.pl/spolka?isin=CZ0005112300,2024-06-26,Dywidenda,52.0000
https://www.gpw.pl/spolka?isin=CZ0005112300,2023-06-28,Dywidenda,145.0000
https://www.gpw.pl/spolka?isin=CZ0005112300,2022-06-30,Dywidenda,48.0000
https://www.gpw.pl/spolka?isin=CZ0005112300,2021-06-30,Dywidenda,52.0000
https://www.gpw.pl/spolka?isin=EE3100001751,2019-05-15,Dywidenda,0.2000
https://www.gpw.pl/spolka?isin=EE3100001751,2018-07-13,Dywidenda,0.2000
https://www.gpw.pl/spolka?isin=EE3100001751,2018-01-24,Dywidenda,0.3000
https://www.gpw.pl/spolka?isin=EE3100001751,2017-07-11,Dywidenda,0.2000
https://www.gpw.pl/spolka?isin=EE3100001751,2016-12-27,Dywidenda,0.1000
https://www.gpw.pl/spolka?isin=EE3100126368,2025-06-25,Dywidenda,0.1740
https://www.gpw.pl/spolka?isin=EE3100126368,2024-06-24,Dywidenda,0.0530
https://www.gpw.pl/spolka?isin=EE3100126368,2021-06-07,Dywidenda,0.4320
https://www.gpw.pl/spolka?isin=EE3100126368,2020-10-28,Dywidenda,0.1270
https://www.gpw.pl/spolka?isin=EE3100126368,2020-06-26,Dywidenda,0.0940
https://www.gpw.pl/spolka?isin=ES0113900J37,2025-04-28,Dywidenda,0.1100
https://www.gpw.pl/spolka?isin=ES0113900J37,2024-04-26,Dywidenda,0.0950
https://www.gpw.pl/spolka?isin=ES0113900J37,2023-04-26,Dywidenda,0.0595
https://www.gpw.pl/spolka?isin=ES0113900J37,2022-04-27,Dywidenda,0.0515
https://www.gpw.pl/spolka?isin=ES0113900J37,2021-04-28,Dywidenda,0.0275
https://www.gpw.pl/spolka?isin=HU0000153937,2025-06-03,Dywidenda,275.0000
https://www.gpw.pl/spolka?isin=HU0000153937,2024-05-23,Dywidenda,249.9800
https://www.gpw.pl/spolka?isin=HU0000153937,2023-07-19,Dywidenda,354.2600
https://www.gpw.pl/spolka?isin=HU0000153937,2022-07-19,Dywidenda,302.6200
https://www.gpw.pl/spolka?isin=HU0000153937,2021-08-09,Dywidenda,95.0200
https://www.gpw.pl/spolka?isin=IT0005239360,2025-04-17,Dywidenda,1.4764
https://www.gpw.pl/spolka?isin=IT0005239360,2024-04-19,Dywidenda,1.8029
https://www.gpw.pl/spolka?isin=IT0005239360,2023-04-21,Dywidenda,0.9872
https://www.gpw.pl/spolka?isin=IT0005239360,2022-04-14,Dywidenda,0.5380
https://www.gpw.pl/spolka?isin=IT0005239360,2021-04-16,Dywidenda,0.1200
https://www.gpw.pl/spolka?isin=LT0000128621,2022-05-11,Dywidenda,0.3700
https://www.gpw.pl/spolka?isin=LT0000128621,2021-05-11,Dywidenda,0.5500
https://www.gpw.pl/spolka?isin=LT0000128621,2020-05-08,Dywidenda,0.7000
https://www.gpw.pl/spolka?isin=LT0000128621,2019-05-09,Dywidenda,0.5800
https://www.gpw.pl/spolka?isin=LT0000128621,2018-05-10,Dywidenda,0.3550
https://www.gpw.pl/spolka?isin=LT0000131872,2018-10-10,Dywidenda,0.5200
https://www.gpw.pl/spolka?isin=LU0122624777,2008-04-21,Dywidenda,1.4000
https://www.gpw.pl/spolka?isin=LU0327357389,2022-02-04,Dywidenda,0.4400
https://www.gpw.pl/spolka?isin=LU0327357389,2021-01-04,Dywidenda,0.4200
https://www.gpw.pl/spolka?isin=LU0327357389,2020-04-21,Dywidenda,0.2500
https://www.gpw.pl/spolka?isin=LU0327357389,2019-04-16,Dywidenda,0.2500
https://www.gpw.pl/spolka?isin=LU0327357389,2018-04-17,Dywidenda,0.2500
https://www.gpw.pl/spolka?isin=NL0000686509,2024-06-21,Dywidenda,0.5000
https://www.gpw.pl/spolka?isin=NL0000686509,2023-05-31,Dywidenda,0.5000
https://www.gpw.pl/spolka?isin=NL0000686509,2021-06-04,Dywidenda,0.5000
https://www.gpw.pl/spolka?isin=NL0009508712,2014-10-29,Dywidenda,0.0700
https://www.gpw.pl/spolka?isin=NL0009508712,2013-10-28,Dywidenda,0.0800
https://www.gpw.pl/spolka?isin=NL0015000AU7,2025-03-17,Dywidenda,0.0620
https://www.gpw.pl/spolka?isin=PL4FNMD00013,2025-06-24,Dywidenda,2.4100
https://www.gpw.pl/spolka?isin=PL4FNMD00013,2024-05-20,Dywidenda,4.1000
https://www.gpw.pl/spolka?isin=PL4FNMD00013,2023-07-03,Dywidenda,0.7300
https://www.gpw.pl/spolka?isin=PL4FNMD00013,2018-06-11,Dywidenda,0.6000
https://www.gpw.pl/spolka?isin=PL4FNMD00013,2017-10-10,Dywidenda,0.2500
https://www.gpw.pl/spolka?isin=PL4MASS00011,2020-12-16,Prawo poboru,1.00
https://www.gpw.pl/spolka?isin=PL4MASS00011,2019-04-08,Prawo poboru,1.00
https://www.gpw.pl/spolka?isin=PLA340200015,2024-07-11,Dywidenda,1.4500
https://www.gpw.pl/spolka?isin=PLA340200015,2023-07-05,Dywidenda,2.6700
https://www.gpw.pl/spolka?isin=PLA340200015,2022-07-06,Dywidenda,1.9400
https://www.gpw.pl/spolka?isin=PLAB00000019,2025-04-04,Dywidenda,3.0000
https://www.gpw.pl/spolka?isin=PLAB00000019,2024-03-13,Dywidenda,2.0000
https://www.gpw.pl/spolka?isin=PLAB00000019,2022-12-27,Dywidenda,1.2500
https://www.gpw.pl/spolka?isin=PLAB00000019,2021-12-06,Dywidenda,1.0000
https://www.gpw.pl/spolka?isin=PLAB00000019,2020-12-28,Dywidenda,0.4400
https://www.gpw.pl/spolka?isin=PLABS0000018,2025-05-20,Dywidenda,3.3000
https://www.gpw.pl/spolka?isin=PLABS0000018,2024-07-03,Dywidenda,2.6000
https://www.gpw.pl/spolka?isin=PLABS0000018,2023-06-06,Dywidenda,2.3000
https://www.gpw.pl/spolka?isin=PLABS0000018,2022-06-08,Dywidenda,2.1200
https://www.gpw.pl/spolka?isin=PLABS0000018,2021-06-16,Dywidenda,2.0000
https://www.gpw.pl/spolka?isin=PLACSA000014,2024-05-23,Dywidenda,3.0000
https://www.gpw.pl/spolka?isin=PLACSA000014,2022-06-13,Dywidenda,2.0000
https://www.gpw.pl/spolka?isin=PLACSA000014,2021-05-28,Dywidenda,2.2000
https://www.gpw.pl/spolka?isin=PLACSA000014,2020-09-11,Dywidenda,1.8500
https://www.gpw.pl/spolka?isin=PLACSA000014,2019-06-13,Dywidenda,3.9400
https://www.gpw.pl/spolka?isin=PLACTIN00018,2016-09-16,Dywidenda,1.0000
https://www.gpw.pl/spolka?isin=PLACTIN00018,2015-06-16,Dywidenda,1.0000
https://www.gpw.pl/spolka?isin=PLACTIN00018,2014-08-18,Dywidenda,1.0000
https://www.gpw.pl/spolka?isin=PLACTIN00018,2013-06-13,Dywidenda,1.5000
https://www.gpw.pl/spolka?isin=PLACTIN00018,2012-05-14,Dywidenda,0.8400
https://www.gpw.pl/spolka?isin=PLADDRG00015,2017-03-16,Prawo poboru,10.00 : 19.00
https://www.gpw.pl/spolka?isin=PLADDRG00015,2016-11-03,Prawo poboru,1.00 : 15.00
https://www.gpw.pl/spolka?isin=PLADDRG00015,2010-09-10,Prawo poboru,1.00 : 2.50
https://www.gpw.pl/spolka?isin=PLADDRG00015,2009-09-10,Prawo poboru,1.00 : 5.00
https://www.gpw.pl/spolka?isin=PLAGORA00067,2019-07-10,Dywidenda,0.5000
https://www.gpw.pl/spolka?isin=PLAGORA00067,2018-07-11,Dywidenda,0.5000
https://www.gpw.pl/spolka?isin=PLAGORA00067,2016-07-12,Dywidenda,0.7500
https://www.gpw.pl/spolka?isin=PLAGORA00067,2012-07-11,Dywidenda,1.0000
https://www.gpw.pl/spolka?isin=PLAGORA00067,2011-07-12,Dywidenda,0.5000
https://www.gpw.pl/spolka?isin=PLALIOR00045,2025-06-26,Dywidenda,9.1900
https://www.gpw.pl/spolka?isin=PLALIOR00045,2024-05-08,Dywidenda,4.4200
https://www.gpw.pl/spolka?isin=PLALIOR00045,2016-05-19,Prawo poboru,1.00 : 0.78
https://www.gpw.pl/spolka?isin=PLAMBRA00013,2024-10-28,Dywidenda,1.1000
https://www.gpw.pl/spolka?isin=PLAMBRA00013,2023-10-31,Dywidenda,1.1000
https://www.gpw.pl/spolka?isin=PLAMBRA00013,2022-10-31,Dywidenda,1.0000
https://www.gpw.pl/spolka?isin=PLAMBRA00013,2021-10-29,Dywidenda,0.9500
https://www.gpw.pl/spolka?isin=PLAMBRA00013,2020-10-23,Dywidenda,0.7000
https://www.gpw.pl/spolka?isin=PLAMICA00010,2025-06-16,Dywidenda,2.0000
https://www.gpw.pl/spolka?isin=PLAMICA00010,2024-06-14,Dywidenda,2.5000
https://www.gpw.pl/spolka?isin=PLAMICA00010,2022-07-05,Dywidenda,3.5000
https://www.gpw.pl/spolka?isin=PLAMICA00010,2021-06-18,Dywidenda,6.0000
https://www.gpw.pl/spolka?isin=PLAMICA00010,2020-09-02,Dywidenda,3.0000
https://www.gpw.pl/spolka?isin=PLAMPLI00019,2000-06-15,Dywidenda,0.0000
https://www.gpw.pl/spolka?isin=PLAMPLI00019,1997-03-06,Dywidenda,0.3854
https://www.gpw.pl/spolka?isin=PLAPATR00018,2024-07-02,Dywidenda,0.3000
https://www.gpw.pl/spolka?isin=PLAPATR00018,2023-07-28,Dywidenda,0.3000
https://www.gpw.pl/spolka?isin=PLAPATR00018,2022-07-04,Dywidenda,0.2000
https://www.gpw.pl/spolka?isin=PLAPATR00018,2021-08-05,Dywidenda,0.7500
https://www.gpw.pl/spolka?isin=PLAPATR00018,2020-08-13,Dywidenda,0.6500
https://www.gpw.pl/spolka?isin=PLAPLS000016,2024-07-08,Dywidenda,1.0000
https://www.gpw.pl/spolka?isin=PLAPLS000016,2023-07-05,Dywidenda,0.8000
https://www.gpw.pl/spolka?isin=PLAPLS000016,2022-07-05,Dywidenda,0.6000
https://www.gpw.pl/spolka?isin=PLAPLS000016,2021-07-27,Dywidenda,0.4500
https://www.gpw.pl/spolka?isin=PLAPLS000016,2020-07-21,Dywidenda,0.2500
https://www.gpw.pl/spolka?isin=PLAPSEN00011,2022-06-13,Dywidenda,0.0300
https://www.gpw.pl/spolka?isin=PLAPSEN00011,2020-05-13,Dywidenda,0.0500
https://www.gpw.pl/spolka?isin=PLAPSEN00011,2019-05-08,Dywidenda,0.0900
https://www.gpw.pl/spolka?isin=PLAPSEN00011,2017-06-13,Dywidenda,0.0200
https://www.gpw.pl/spolka?isin=PLAPSEN00011,2016-07-13,Dywidenda,0.0200
https://www.gpw.pl/spolka?isin=PLARHCM00016,2024-07-09,Dywidenda,0.6400
https://www.gpw.pl/spolka?isin=PLARHCM00016,2023-07-12,Dywidenda,2.1200
https://www.gpw.pl/spolka?isin=PLARHCM00016,2022-07-12,Dywidenda,0.1400
https://www.gpw.pl/spolka?isin=PLARHCM00016,2021-07-08,Dywidenda,1.1800
https://www.gpw.pl/spolka?isin=PLARHCM00016,2019-06-27,Dywidenda,1.1500
https://www.gpw.pl/spolka?isin=PLARIEL00046,2008-01-17,Prawo poboru,3.00 : 1.00
https://www.gpw.pl/spolka?isin=PLARIEL00046,2000-05-17,Prawo poboru,2.00 : 3.00
https://www.gpw.pl/spolka?isin=PLARIEL00046,2000-05-11,Dywidenda,0.0000
https://www.gpw.pl/spolka?isin=PLARIEL00046,1997-05-13,Dywidenda,0.0000
https://www.gpw.pl/spolka?isin=PLARTPR00012,2024-06-10,Dywidenda,1.0000
https://www.gpw.pl/spolka?isin=PLARTPR00012,2023-06-13,Dywidenda,2.7000
https://www.gpw.pl/spolka?isin=PLARTPR00012,2022-06-28,Dywidenda,0.4000
https://www.gpw.pl/spolka?isin=PLARTPR00012,2021-06-29,Dywidenda,0.3000
https://www.gpw.pl/spolka?isin=PLARTPR00012,2018-06-18,Dywidenda,0.2000
https://www.gpw.pl/spolka?isin=PLASMGR00014,2017-06-28,Dywidenda,0.0600
https://www.gpw.pl/spolka?isin=PLASMOT00030,2007-03-20,Prawo poboru,1.00
https://www.gpw.pl/spolka?isin=PLASMOT00030,2000-06-29,Dywidenda,0.0000
https://www.gpw.pl/spolka?isin=PLASMOT00030,1997-12-26,Dywidenda,1.2800
https://www.gpw.pl/spolka?isin=PLASSEE00014,2024-06-11,Dywidenda,1.6500
https://www.gpw.pl/spolka?isin=PLASSEE00014,2023-06-28,Dywidenda,1.4600
https://www.gpw.pl/spolka?isin=PLASSEE00014,2022-06-27,Dywidenda,1.2800
https://www.gpw.pl/spolka?isin=PLASSEE00014,2021-06-22,Dywidenda,1.0000
https://www.gpw.pl/spolka?isin=PLASSEE00014,2020-06-23,Dywidenda,0.7400
https://www.gpw.pl/spolka?isin=PLATAL000046,2024-06-25,Dywidenda,6.0000
https://www.gpw.pl/spolka?isin=PLATAL000046,2023-06-20,Dywidenda,5.0000
https://www.gpw.pl/spolka?isin=PLATAL000046,2022-06-21,Dywidenda,6.0000
https://www.gpw.pl/spolka?isin=PLATAL000046,2021-07-05,Dywidenda,3.0300
https://www.gpw.pl/spolka?isin=PLATAL000046,2019-06-24,Dywidenda,4.7000
https://www.gpw.pl/spolka?isin=PLATLPL00018,2025-02-05,Dywidenda,0.8500
https://www.gpw.pl/spolka?isin=PLATLPL00018,2024-08-08,Dywidenda,1.0000
https://www.gpw.pl/spolka?isin=PLATLPL00018,2024-01-18,Dywidenda,0.4900
https://www.gpw.pl/spolka?isin=PLATLPL00018,2023-03-24,Dywidenda,0.3800
https://www.gpw.pl/spolka?isin=PLATLPL00018,2022-03-07,Dywidenda,0.3800
https://www.gpw.pl/spolka?isin=PLATM0000021,2025-06-03,Dywidenda,0.1800
https://www.gpw.pl/spolka?isin=PLATM0000021,2024-05-28,Dywidenda,0.1800
https://www.gpw.pl/spolka?isin=PLATM0000021,2023-06-29,Dywidenda,0.1800
https://www.gpw.pl/spolka?isin=PLATM0000021,2022-06-01,Dywidenda,0.2000
https://www.gpw.pl/spolka?isin=PLATM0000021,2021-06-02,Dywidenda,0.1500
https://www.gpw.pl/spolka?isin=PLATMSI00016,2024-06-24,Dywidenda,0.1400
https://www.gpw.pl/spolka?isin=PLATMSI00016,2021-05-25,Dywidenda,1.0000
https://www.gpw.pl/spolka?isin=PLATMSI00016,2020-07-22,Dywidenda,0.2200
https://www.gpw.pl/spolka?isin=PLATMSI00016,2019-06-28,Dywidenda,0.2200
https://www.gpw.pl/spolka?isin=PLATMSI00016,2018-06-20,Dywidenda,0.2200
https://www.gpw.pl/spolka?isin=PLATPRT00018,2025-06-06,Dywidenda,0.1500
https://www.gpw.pl/spolka?isin=PLATPRT00018,2024-05-29,Dywidenda,0.1500
https://www.gpw.pl/spolka?isin=PLATPRT00018,2023-05-30,Dywidenda,0.1500
https://www.gpw.pl/spolka?isin=PLATPRT00018,2022-06-06,Dywidenda,0.1500
https://www.gpw.pl/spolka?isin=PLATPRT00018,2021-06-02,Dywidenda,0.1000
https://www.gpw.pl/spolka?isin=PLATREM00017,2024-09-06,Dywidenda,0.4900
https://www.gpw.pl/spolka?isin=PLATREM00017,2023-08-10,Dywidenda,0.1100
https://www.gpw.pl/spolka?isin=PLATREM00017,2022-09-09,Dywidenda,0.6600
https://www.gpw.pl/spolka?isin=PLATREM00017,2016-06-28,Dywidenda,0.0500
https://www.gpw.pl/spolka?isin=PLATREM00017,2015-06-26,Dywidenda,0.0800
https://www.gpw.pl/spolka?isin=PLATTFI00018,2018-06-14,Dywidenda,1.4900
https://www.gpw.pl/spolka?isin=PLATTFI00018,2017-07-10,Dywidenda,1.5000
https://www.gpw.pl/spolka?isin=PLBAUMA00017,2024-05-27,Dywidenda,2.3000
https://www.gpw.pl/spolka?isin=PLBAUMA00017,2023-05-23,Dywidenda,3.8100
https://www.gpw.pl/spolka?isin=PLBAUMA00017,2021-05-12,Dywidenda,7.6200
https://www.gpw.pl/spolka?isin=PLBAUMA00017,2020-05-14,Dywidenda,2.6000
https://www.gpw.pl/spolka?isin=PLBAUMA00017,2019-05-15,Dywidenda,5.7100
https://www.gpw.pl/spolka?isin=PLBEFSN00010,2011-08-09,Prawo poboru,1.00
https://www.gpw.pl/spolka?isin=PLBEFSN00010,2000-06-24,Dywidenda,0.0000
https://www.gpw.pl/spolka?isin=PLBEFSN00010,1999-05-26,Dywidenda,0.2500
https://www.gpw.pl/spolka?isin=PLBEST000010,2015-09-18,Podział (split),4.00
https://www.gpw.pl/spolka?isin=PLBEST000010,2000-06-27,Dywidenda,0.0000
https://www.gpw.pl/spolka?isin=PLBEST000010,1999-06-25,Dywidenda,0.0000
https://www.gpw.pl/spolka?isin=PLBEST000010,1998-05-13,Dywidenda,1.0000
https://www.gpw.pl/spolka?isin=PLBEST000010,1997-04-24,Dywidenda,3.6400
https://www.gpw.pl/spolka?isin=PLBGZ0000010,2025-04-16,Dywidenda,7.8600
https://www.gpw.pl/spolka?isin=PLBGZ0000010,2024-04-19,Dywidenda,3.4100
https://www.gpw.pl/spolka?isin=PLBH00000012,2024-06-25,Dywidenda,11.1500
https://www.gpw.pl/spolka?isin=PLBH00000012,2023-05-04,Dywidenda,9.0000
https://www.gpw.pl/spolka?isin=PLBH00000012,2022-06-29,Dywidenda,5.4700
https://www.gpw.pl/spolka?isin=PLBH00000012,2021-09-13,Dywidenda,1.2000
https://www.gpw.pl/spolka?isin=PLBH00000012,2019-06-11,Dywidenda,3.7400
https://www.gpw.pl/spolka?isin=PLBIG0000016,2014-05-02,Dywidenda,0.2200
https://www.gpw.pl/spolka?isin=PLBIG0000016,2011-05-11,Dywidenda,0.1000
https://www.gpw.pl/spolka?isin=PLBIG0000016,2010-01-14,Prawo poboru,7.00 : 3.00
https://www.gpw.pl/spolka?isin=PLBIG0000016,2008-04-30,Dywidenda,0.1900
https://www.gpw.pl/spolka?isin=PLBIG0000016,2007-05-04,Dywidenda,0.1700
https://www.gpw.pl/spolka?isin=PLBIOMX00015,2023-06-15,Dywidenda,0.5000
https://www.gpw.pl/spolka?isin=PLBIOMX00015,2022-06-20,Dywidenda,0.4500
https://www.gpw.pl/spolka?isin=PLBIOMX00015,2021-05-27,Dywidenda,0.2500
https://www.gpw.pl/spolka?isin=PLBIOMX00015,2017-08-29,Dywidenda,0.0500
https://www.gpw.pl/spolka?isin=PLBIOMX00015,2016-08-29,Dywidenda,0.2000
https://www.gpw.pl/spolka?isin=PLBIOPL00013,2022-08-04,Dywidenda,0.3600
https://www.gpw.pl/spolka?isin=PLBIOPL00013,2021-08-04,Dywidenda,0.7500
https://www.gpw.pl/spolka?isin=PLBIOPL00013,2020-09-08,Dywidenda,0.3300
https://www.gpw.pl/spolka?isin=PLBIOPL00013,2019-05-30,Dywidenda,0.0200
https://www.gpw.pl/spolka?isin=PLBIOTN00029,2006-06-27,Prawo poboru,1.00 : 1.80
https://www.gpw.pl/spolka?isin=PLBIOTN00029,2006-06-23,Podział (split),5.00
https://www.gpw.pl/spolka?isin=PLBLOBR00014,2021-03-17,Podział (split),10.00
https://www.gpw.pl/spolka?isin=PLBMBIT00010,2024-07-03,Dywidenda,0.3500
https://www.gpw.pl/spolka?isin=PLBMBIT00010,2023-06-26,Dywidenda,0.7700
https://www.gpw.pl/spolka?isin=PLBMBIT00010,2022-06-23,Dywidenda,0.5500
https://www.gpw.pl/spolka?isin=PLBMECH00012,2023-10-17,Dywidenda,2.0000
https://www.gpw.pl/spolka?isin=PLBMECH00012,2022-09-27,Dywidenda,1.0000
https://www.gpw.pl/spolka?isin=PLBNFTS00018,2024-09-12,Dywidenda,135.0000
https://www.gpw.pl/spolka?isin=PLBNFTS00018,2023-09-13,Dywidenda,41.0000
https://www.gpw.pl/spolka?isin=PLBNFTS00018,2015-07-22,Dywidenda,9.0000
https://www.gpw.pl/spolka?isin=PLBNFTS00018,2014-08-26,Dywidenda,8.0000
https://www.gpw.pl/spolka?isin=PLBNFTS00018,2013-07-15,Dywidenda,7.5000
https://www.gpw.pl/spolka?isin=PLBOS0000019,2008-07-14,Dywidenda,0.2300
https://www.gpw.pl/spolka?isin=PLBOS0000019,2007-07-09,Dywidenda,0.1300
https://www.gpw.pl/spolka?isin=PLBOS0000019,2005-07-07,Dywidenda,0.1500
https://www.gpw.pl/spolka?isin=PLBOS0000019,2004-07-07,Dywidenda,0.0900
https://www.gpw.pl/spolka?isin=PLBOS0000019,2003-07-09,Dywidenda,0.2500
https://www.gpw.pl/spolka?isin=PLBOWM000019,2024-07-08,Dywidenda,0.1000
https://www.gpw.pl/spolka?isin=PLBOWM000019,2023-07-06,Dywidenda,0.6000
https://www.gpw.pl/spolka?isin=PLBOWM000019,2022-06-14,Dywidenda,2.5200
https://www.gpw.pl/spolka?isin=PLBOWM000019,2021-06-02,Dywidenda,0.1200
https://www.gpw.pl/spolka?isin=PLBOWM000019,2019-06-24,Dywidenda,0.0300
https://www.gpw.pl/spolka?isin=PLBRE0000012,2018-05-22,Dywidenda,5.1500
https://www.gpw.pl/spolka?isin=PLBRE0000012,2014-04-29,Dywidenda,17.0000
https://www.gpw.pl/spolka?isin=PLBRE0000012,2013-05-10,Dywidenda,10.0000
https://www.gpw.pl/spolka?isin=PLBRE0000012,2010-05-13,Prawo poboru,12.00 : 5.00
https://www.gpw.pl/spolka?isin=PLBRE0000012,2004-05-25,Prawo poboru,4.00 : 1.00
https://www.gpw.pl/spolka?isin=PLBRSZW00011,2025-05-26,Dywidenda,0.3500
https://www.gpw.pl/spolka?isin=PLBRSZW00011,2024-05-23,Dywidenda,0.4400
https://www.gpw.pl/spolka?isin=PLBRSZW00011,2023-05-25,Dywidenda,0.7400
https://www.gpw.pl/spolka?isin=PLBRSZW00011,2022-06-01,Dywidenda,0.9200
https://www.gpw.pl/spolka?isin=PLBRSZW00011,2015-06-30,Dywidenda,0.1000
https://www.gpw.pl/spolka?isin=PLBSK0000017,2025-05-02,Dywidenda,25.1800
https://www.gpw.pl/spolka?isin=PLBSK0000017,2024-04-15,Dywidenda,33.3500
https://www.gpw.pl/spolka?isin=PLBSK0000017,2022-04-12,Dywidenda,5.3000
https://www.gpw.pl/spolka?isin=PLBSK0000017,2021-12-01,Dywidenda,5.1000
https://www.gpw.pl/spolka?isin=PLBSK0000017,2019-04-16,Dywidenda,3.5000
https://www.gpw.pl/spolka?isin=PLBTCOM00016,2024-09-04,Dywidenda,0.3000
https://www.gpw.pl/spolka?isin=PLBTCOM00016,2023-09-26,Dywidenda,0.2300
https://www.gpw.pl/spolka?isin=PLBTCOM00016,2023-08-03,Podział (split),2.00
https://www.gpw.pl/spolka?isin=PLBTCOM00016,2022-09-30,Dywidenda,0.3600
https://www.gpw.pl/spolka?isin=PLBTCOM00016,2019-09-09,Dywidenda,0.3000
https://www.gpw.pl/spolka?isin=PLBUDMX00013,2025-06-03,Dywidenda,25.4300
https://www.gpw.pl/spolka?isin=PLBUDMX00013,2024-05-27,Dywidenda,35.6900
https://www.gpw.pl/spolka?isin=PLBUDMX00013,2023-05-23,Dywidenda,17.9900
https://www.gpw.pl/spolka?isin=PLBUDMX00013,2022-05-27,Dywidenda,23.4700
https://www.gpw.pl/spolka?isin=PLBUDMX00013,2021-05-28,Dywidenda,16.7000
https://www.gpw.pl/spolka?isin=PLBZ00000044,2025-05-09,Dywidenda,46.3700
https://www.gpw.pl/spolka?isin=PLBZ00000044,2024-05-14,Dywidenda,44.6300
https://www.gpw.pl/spolka?isin=PLBZ00000044,2022-05-23,Dywidenda,2.6800
https://www.gpw.pl/spolka?isin=PLBZ00000044,2018-05-28,Dywidenda,3.1000
https://www.gpw.pl/spolka?isin=PLBZ00000044,2017-05-29,Dywidenda,5.4000
https://www.gpw.pl/spolka?isin=PLCAMMD00032,2013-04-29,Dywidenda,0.0500
https://www.gpw.pl/spolka?isin=PLCCC0000016,2019-09-13,Dywidenda,0.4800
https://www.gpw.pl/spolka?isin=PLCCC0000016,2018-09-17,Dywidenda,2.3000
https://www.gpw.pl/spolka?isin=PLCCC0000016,2017-09-05,Dywidenda,2.5900
https://www.gpw.pl/spolka?isin=PLCCC0000016,2016-08-29,Dywidenda,2.1900
https://www.gpw.pl/spolka?isin=PLCCC0000016,2015-09-21,Dywidenda,3.0000
https://www.gpw.pl/spolka?isin=PLCDRL000043,2022-06-13,Dywidenda,0.7500
https://www.gpw.pl/spolka?isin=PLCDRL000043,2021-11-30,Dywidenda,2.0000
https://www.gpw.pl/spolka?isin=PLCDRL000043,2020-12-07,Dywidenda,1.0500
https://www.gpw.pl/spolka?isin=PLCDRL000043,2019-06-13,Dywidenda,0.8000
https://www.gpw.pl/spolka?isin=PLCDRL000043,2018-05-14,Dywidenda,1.0000
https://www.gpw.pl/spolka?isin=PLCFRPT00013,2022-09-16,Dywidenda,1.2000
https://www.gpw.pl/spolka?isin=PLCFRPT00013,2021-09-13,Dywidenda,1.2000
https://www.gpw.pl/spolka?isin=PLCFRPT00013,2020-10-13,Dywidenda,1.0000
https://www.gpw.pl/spolka?isin=PLCFRPT00013,2019-06-27,Dywidenda,0.9300
https://www.gpw.pl/spolka?isin=PLCFRPT00013,2017-07-18,Dywidenda,0.3200
https://www.gpw.pl/spolka?isin=PLCLDTC00019,2025-06-17,Dywidenda,1.2500
https://www.gpw.pl/spolka?isin=PLCLDTC00019,2024-06-19,Dywidenda,1.2500
https://www.gpw.pl/spolka?isin=PLCLDTC00019,2023-06-21,Dywidenda,1.0000
https://www.gpw.pl/spolka?isin=PLCLNPH00015,2024-06-26,Dywidenda,0.0800
https://www.gpw.pl/spolka?isin=PLCLNPH00015,2023-06-28,Dywidenda,0.0900
https://www.gpw.pl/spolka?isin=PLCLNPH00015,2022-06-29,Dywidenda,0.2900
https://www.gpw.pl/spolka?isin=PLCLNPH00015,2021-07-13,Dywidenda,0.0700
https://www.gpw.pl/spolka?isin=PLCLNPH00015,2020-05-29,Dywidenda,0.0800
https://www.gpw.pl/spolka?isin=PLCMP0000017,2022-08-29,Dywidenda,3.0000
https://www.gpw.pl/spolka?isin=PLCMP0000017,2021-08-12,Dywidenda,3.0000
https://www.gpw.pl/spolka?isin=PLCMP0000017,2015-07-03,Dywidenda,1.0600
https://www.gpw.pl/spolka?isin=PLCMPLD00016,2007-06-29,Dywidenda,1.0000
https://www.gpw.pl/spolka?isin=PLCMPLD00016,2006-06-28,Dywidenda,1.0000
https://www.gpw.pl/spolka?isin=PLCMPLD00016,2000-06-29,Dywidenda,0.0000
https://www.gpw.pl/spolka?isin=PLCMPLD00016,1999-06-24,Dywidenda,0.0000
https://www.gpw.pl/spolka?isin=PLCMPLD00016,1998-06-29,Dywidenda,0.0000
https://www.gpw.pl/spolka?isin=PLCMRAY00029,2015-06-10,Prawo poboru,1.00
https://www.gpw.pl/spolka?isin=PLCMRAY00029,2014-08-18,Prawo poboru,3.00 : 1.00
https://www.gpw.pl/spolka?isin=PLCNTSL00014,2023-05-02,Dywidenda,1.2200
https://www.gpw.pl/spolka?isin=PLCNTSL00014,2022-07-27,Dywidenda,0.1500
https://www.gpw.pl/spolka?isin=PLCNTSL00014,2021-09-28,Dywidenda,0.1500
https://www.gpw.pl/spolka?isin=PLCNTSL00014,2019-10-21,Dywidenda,0.2800
https://www.gpw.pl/spolka?isin=PLCNTSL00014,2018-03-23,Dywidenda,0.1000
https://www.gpw.pl/spolka?isin=PLCOMPR00010,2018-05-30,Prawo poboru,1.00 : 0.62
https://www.gpw.pl/spolka?isin=PLCPTLP00015,2006-10-24,Prawo poboru,1.00
https://www.gpw.pl/spolka?isin=PLCPTLP00015,2006-02-22,Prawo poboru,1.00 : 4.00
https://www.gpw.pl/spolka?isin=PLCRPJR00019,2025-06-18,Dywidenda,11.3700
https://www.gpw.pl/spolka?isin=PLCRPJR00019,2024-06-20,Dywidenda,13.1100
https://www.gpw.pl/spolka?isin=PLCRPJR00019,2023-08-25,Dywidenda,40.0000
https://www.gpw.pl/spolka?isin=PLCRPJR00019,2022-06-17,Dywidenda,21.5000
https://www.gpw.pl/spolka?isin=PLCSPAM00017,2024-07-05,Dywidenda,0.2100
https://www.gpw.pl/spolka?isin=PLCSPAM00017,2023-06-23,Dywidenda,0.5600
https://www.gpw.pl/spolka?isin=PLCSPAM00017,2022-07-05,Dywidenda,0.6800
https://www.gpw.pl/spolka?isin=PLCSPAM00017,2021-11-03,Podział (split),5.00
https://www.gpw.pl/spolka?isin=PLCSPAM00017,2021-06-29,Dywidenda,8.7900
https://www.gpw.pl/spolka?isin=PLCTINT00018,2017-02-22,Podział (split),10.00
https://www.gpw.pl/spolka?isin=PLDADEL00013,2022-06-10,Dywidenda,0.1500
https://www.gpw.pl/spolka?isin=PLDEBCA00016,2024-09-18,Dywidenda,10.3000
https://www.gpw.pl/spolka?isin=PLDEBCA00016,2023-09-20,Dywidenda,3.9500
https://www.gpw.pl/spolka?isin=PLDEBCA00016,2022-09-19,Dywidenda,2.3200
https://www.gpw.pl/spolka?isin=PLDEBCA00016,2021-09-16,Dywidenda,3.7200
https://www.gpw.pl/spolka?isin=PLDEBCA00016,2020-10-07,Dywidenda,4.0800
https://www.gpw.pl/spolka?isin=PLDECOR00013,2025-06-17,Dywidenda,4.0000
https://www.gpw.pl/spolka?isin=PLDECOR00013,2024-07-03,Dywidenda,3.0000
https://www.gpw.pl/spolka?isin=PLDECOR00013,2023-07-05,Dywidenda,2.0000
https://www.gpw.pl/spolka?isin=PLDECOR00013,2022-06-10,Dywidenda,2.0000
https://www.gpw.pl/spolka?isin=PLDECOR00013,2021-06-09,Dywidenda,2.0000
https://www.gpw.pl/spolka?isin=PLDEKPL00032,2024-07-30,Dywidenda,2.3900
https://www.gpw.pl/spolka?isin=PLDEKPL00032,2018-08-16,Dywidenda,1.1800
https://www.gpw.pl/spolka?isin=PLDEKPL00032,2017-09-12,Dywidenda,0.5300
https://www.gpw.pl/spolka?isin=PLDELKO00019,2025-01-02,Dywidenda,0.8300
https://www.gpw.pl/spolka?isin=PLDELKO00019,2023-12-29,Dywidenda,0.9000
https://www.gpw.pl/spolka?isin=PLDELKO00019,2023-02-28,Podział (split),2.00
https://www.gpw.pl/spolka?isin=PLDELKO00019,2022-07-12,Dywidenda,0.8000
https://www.gpw.pl/spolka?isin=PLDELKO00019,2021-07-13,Dywidenda,0.6500
https://www.gpw.pl/spolka?isin=PLDGA0000019,2024-06-10,Dywidenda,0.3000
https://www.gpw.pl/spolka?isin=PLDGA0000019,2023-07-12,Dywidenda,0.4000
https://www.gpw.pl/spolka?isin=PLDGA0000019,2022-06-30,Dywidenda,0.6000
https://www.gpw.pl/spolka?isin=PLDGA0000019,2019-06-21,Dywidenda,0.4000
https://www.gpw.pl/spolka?isin=PLDGA0000019,2018-06-13,Dywidenda,0.7500
https://www.gpw.pl/spolka?isin=PLDGNST00012,2025-06-02,Dywidenda,3.3100
https://www.gpw.pl/spolka?isin=PLDMDVL00012,2025-06-23,Dywidenda,7.0000
https://www.gpw.pl/spolka?isin=PLDMDVL00012,2024-06-24,Dywidenda,6.5000
https://www.gpw.pl/spolka?isin=PLDMDVL00012,2023-06-22,Dywidenda,11.0000
https://www.gpw.pl/spolka?isin=PLDMDVL00012,2022-07-13,Dywidenda,10.5000
https://www.gpw.pl/spolka?isin=PLDMDVL00012,2021-06-17,Dywidenda,10.0000
https://www.gpw.pl/spolka?isin=PLDUDA000016,2009-02-20,Prawo poboru,1.00
https://www.gpw.pl/spolka?isin=PLDUDA000016,2006-12-05,Prawo poboru,1.00
https://www.gpw.pl/spolka?isin=PLDUDA000016,2005-03-30,Podział (split),10.00
https://www.gpw.pl/spolka?isin=PLDUDA000016,2003-07-10,Dywidenda,0.1000
https://www.gpw.pl/spolka?isin=PLECBDZ00013,2012-07-04,Dywidenda,1.8000
https://www.gpw.pl/spolka?isin=PLECBDZ00013,2011-07-05,Dywidenda,1.8000
https://www.gpw.pl/spolka?isin=PLECBDZ00013,2010-07-07,Dywidenda,1.8000
https://www.gpw.pl/spolka?isin=PLECBDZ00013,2009-07-07,Dywidenda,1.8000
https://www.gpw.pl/spolka?isin=PLECBDZ00013,2008-07-01,Dywidenda,1.8000
https://www.gpw.pl/spolka?isin=PLECHPS00019,2022-07-08,Dywidenda,0.2200
https://www.gpw.pl/spolka?isin=PLECHPS00019,2021-07-22,Dywidenda,0.2500
https://www.gpw.pl/spolka?isin=PLECHPS00019,2018-04-30,Dywidenda,0.5000
https://www.gpw.pl/spolka?isin=PLECHPS00019,2017-07-03,Dywidenda,0.5000
https://www.gpw.pl/spolka?isin=PLECHPS00019,2016-07-01,Dywidenda,3.8400
https://www.gpw.pl/spolka?isin=PLECMNG00019,2009-11-17,Prawo poboru,1.00
https://www.gpw.pl/spolka?isin=PLEDINV00014,2025-05-29,Dywidenda,1.0300
https://www.gpw.pl/spolka?isin=PLEDINV00014,2024-11-29,Dywidenda,0.7300
https://www.gpw.pl/spolka?isin=PLEDINV00014,2024-05-27,Dywidenda,0.2700
https://www.gpw.pl/spolka?isin=PLEDINV00014,2023-05-24,Dywidenda,0.3900
https://www.gpw.pl/spolka?isin=PLEDINV00014,2022-04-29,Dywidenda,1.0100
https://www.gpw.pl/spolka?isin=PLEFEKT00018,2021-07-06,Dywidenda,0.0500
https://www.gpw.pl/spolka?isin=PLEFEKT00018,2020-09-09,Dywidenda,0.0100
https://www.gpw.pl/spolka?isin=PLEFEKT00018,2020-08-26,Prawo poboru,2.00 : 3.00
https://www.gpw.pl/spolka?isin=PLEFEKT00018,2020-01-16,Prawo poboru,1.00 : 2.00
https://www.gpw.pl/spolka?isin=PLEFEKT00018,2019-09-06,Dywidenda,0.1000
https://www.gpw.pl/spolka?isin=PLEKEP000019,2014-05-21,Dywidenda,0.6800
https://www.gpw.pl/spolka?isin=PLEKEP000019,2012-05-31,Dywidenda,0.2000
https://www.gpw.pl/spolka?isin=PLEKEP000019,2010-06-01,Prawo poboru,5.00 : 1.00
https://www.gpw.pl/spolka?isin=PLELEKT00016,2025-06-17,Dywidenda,2.5000
https://www.gpw.pl/spolka?isin=PLELEKT00016,2024-08-08,Dywidenda,2.5000
https://www.gpw.pl/spolka?isin=PLELEKT00016,2023-07-05,Dywidenda,1.5000
https://www.gpw.pl/spolka?isin=PLELEKT00016,2017-06-12,Dywidenda,0.3500
https://www.gpw.pl/spolka?isin=PLELEKT00016,2016-06-13,Dywidenda,1.2400
https://www.gpw.pl/spolka?isin=PLELPO000016,2024-09-24,Dywidenda,0.4000
https://www.gpw.pl/spolka?isin=PLELPO000016,2023-09-27,Dywidenda,0.2500
https://www.gpw.pl/spolka?isin=PLELPO000016,2022-07-28,Dywidenda,0.2500
https://www.gpw.pl/spolka?isin=PLELPO000016,2021-07-14,Dywidenda,0.1500
https://www.gpw.pl/spolka?isin=PLELPO000016,2007-06-12,Prawo poboru,2.00 : 1.00
https://www.gpw.pl/spolka?isin=PLEMCIM00017,2011-04-28,Prawo poboru,6.00 : 1.00
https://www.gpw.pl/spolka?isin=PLEMCIM00017,2007-11-30,Prawo poboru,8.00 : 1.00
https://www.gpw.pl/spolka?isin=PLENAP000010,2023-07-05,Dywidenda,0.0500
https://www.gpw.pl/spolka?isin=PLENAP000010,2022-07-04,Dywidenda,0.0700
https://www.gpw.pl/spolka?isin=PLENAP000010,2021-08-18,Dywidenda,0.0400
https://www.gpw.pl/spolka?isin=PLENAP000010,2019-09-10,Dywidenda,0.0300
https://www.gpw.pl/spolka?isin=PLENAP000010,2015-08-06,Dywidenda,0.0500
https://www.gpw.pl/spolka?isin=PLENEA000013,2017-07-20,Dywidenda,0.2500
https://www.gpw.pl/spolka?isin=PLENEA000013,2015-07-20,Dywidenda,0.4700
https://www.gpw.pl/spolka?isin=PLENEA000013,2014-07-18,Dywidenda,0.5700
https://www.gpw.pl/spolka?isin=PLENEA000013,2013-07-18,Dywidenda,0.3600
https://www.gpw.pl/spolka?isin=PLENEA000013,2012-08-08,Dywidenda,0.4800
https://www.gpw.pl/spolka?isin=PLENERG00022,2017-09-21,Dywidenda,0.1900
https://www.gpw.pl/spolka?isin=PLENERG00022,2016-06-30,Dywidenda,0.4900
https://www.gpw.pl/spolka?isin=PLENERG00022,2015-05-05,Dywidenda,1.4400
https://www.gpw.pl/spolka?isin=PLENERG00022,2014-05-22,Dywidenda,1.0000
https://www.gpw.pl/spolka?isin=PLENLMD00017,2015-06-08,Dywidenda,0.1000
https://www.gpw.pl/spolka?isin=PLENLMD00017,2012-07-11,Dywidenda,0.0300
https://www.gpw.pl/spolka?isin=PLENTER00017,2025-06-27,Dywidenda,3.0000
https://www.gpw.pl/spolka?isin=PLENTER00017,2024-08-12,Dywidenda,4.4000
https://www.gpw.pl/spolka?isin=PLENTER00017,2019-07-03,Dywidenda,0.7000
https://www.gpw.pl/spolka?isin=PLENTER00017,2018-05-28,Dywidenda,0.5500
https://www.gpw.pl/spolka?isin=PLENTER00017,2017-05-17,Dywidenda,0.5500
https://www.gpw.pl/spolka?isin=PLERBUD00012,2025-05-30,Dywidenda,1.6800
https://www.gpw.pl/spolka?isin=PLERBUD00012,2024-05-20,Dywidenda,1.6800
https://www.gpw.pl/spolka?isin=PLERBUD00012,2023-05-24,Dywidenda,0.8400
https://www.gpw.pl/spolka?isin=PLERBUD00012,2018-06-01,Dywidenda,1.1000
https://www.gpw.pl/spolka?isin=PLERBUD00012,2017-01-04,Dywidenda,1.1700
https://www.gpw.pl/spolka?isin=PLERGIN00015,2016-08-12,Dywidenda,0.5000
https://www.gpw.pl/spolka?isin=PLERGIN00015,2015-05-25,Dywidenda,0.6500
https://www.gpw.pl/spolka?isin=PLERGIN00015,2014-05-21,Dywidenda,0.6000
https://www.gpw.pl/spolka?isin=PLERGIN00015,2013-05-07,Dywidenda,0.3000
https://www.gpw.pl/spolka?isin=PLERGIN00015,2012-09-04,Dywidenda,0.2500
https://www.gpw.pl/spolka?isin=PLERGZB00014,2017-04-05,Dywidenda,1.2500
https://www.gpw.pl/spolka?isin=PLERGZB00014,2016-08-23,Dywidenda,0.6200
https://www.gpw.pl/spolka?isin=PLERGZB00014,2008-07-01,Podział (split),5.00
https://www.gpw.pl/spolka?isin=PLERGZB00014,2007-05-15,Prawo poboru,1.00
https://www.gpw.pl/spolka?isin=PLERPCO00017,2017-06-08,Dywidenda,1.3300
https://www.gpw.pl/spolka?isin=PLERPCO00017,2016-08-23,Dywidenda,3.5800
https://www.gpw.pl/spolka?isin=PLERPCO00017,2015-08-19,Dywidenda,2.6800
https://www.gpw.pl/spolka?isin=PLERPCO00017,2014-07-28,Dywidenda,1.0500
https://www.gpw.pl/spolka?isin=PLERPCO00017,2013-09-19,Dywidenda,0.8000
https://www.gpw.pl/spolka?isin=PLERTEL00011,2024-06-03,Dywidenda,4.0000
https://www.gpw.pl/spolka?isin=PLERTEL00011,2023-05-08,Dywidenda,10.9500
https://www.gpw.pl/spolka?isin=PLERTEL00011,2022-05-24,Dywidenda,5.0000
https://www.gpw.pl/spolka?isin=PLERTEL00011,2021-05-31,Dywidenda,6.2000
https://www.gpw.pl/spolka?isin=PLERTEL00011,2019-06-05,Dywidenda,2.2000
https://www.gpw.pl/spolka?isin=PLESTHN00018,2024-07-03,Dywidenda,3.0000
https://www.gpw.pl/spolka?isin=PLESTHN00018,2023-07-19,Dywidenda,1.2000
https://www.gpw.pl/spolka?isin=PLESTHN00018,2022-08-10,Dywidenda,2.0000
https://www.gpw.pl/spolka?isin=PLESTHN00018,2019-09-06,Dywidenda,0.5000
https://www.gpw.pl/spolka?isin=PLESTHN00018,2018-09-06,Dywidenda,1.0000
https://www.gpw.pl/spolka?isin=PLEURCH00011,2024-08-21,Dywidenda,0.7200
https://www.gpw.pl/spolka?isin=PLEURCH00011,2023-06-22,Dywidenda,0.3600
https://www.gpw.pl/spolka?isin=PLEURCH00011,2021-06-14,Dywidenda,0.4800
https://www.gpw.pl/spolka?isin=PLEURCH00011,2019-05-27,Dywidenda,1.0000
https://www.gpw.pl/spolka?isin=PLEURCH00011,2018-05-14,Dywidenda,0.7300
https://www.gpw.pl/spolka?isin=PLFAMUR00012,2019-07-08,Dywidenda,0.5300
https://www.gpw.pl/spolka?isin=PLFAMUR00012,2018-07-05,Dywidenda,0.4400
https://www.gpw.pl/spolka?isin=PLFAMUR00012,2014-07-04,Dywidenda,0.8400
https://www.gpw.pl/spolka?isin=PLFAMUR00012,2011-08-10,Dywidenda,0.6200
https://www.gpw.pl/spolka?isin=PLFAMUR00012,2007-08-01,Podział (split),107.00
https://www.gpw.pl/spolka?isin=PLFEERM00018,2020-09-08,Dywidenda,0.5000
https://www.gpw.pl/spolka?isin=PLFEERM00018,2015-07-24,Dywidenda,0.2100
https://www.gpw.pl/spolka?isin=PLFERRO00016,2024-09-10,Dywidenda,3.1600
https://www.gpw.pl/spolka?isin=PLFERRO00016,2023-09-12,Dywidenda,1.5000
https://www.gpw.pl/spolka?isin=PLFERRO00016,2022-09-16,Dywidenda,1.5100
https://www.gpw.pl/spolka?isin=PLFERRO00016,2021-09-07,Dywidenda,2.2000
https://www.gpw.pl/spolka?isin=PLFERRO00016,2020-09-29,Dywidenda,0.4000
https://www.gpw.pl/spolka?isin=PLFORTE00012,2022-09-08,Dywidenda,2.0000
https://www.gpw.pl/spolka?isin=PLFORTE00012,2021-06-21,Dywidenda,4.0000
https://www.gpw.pl/spolka?isin=PLFORTE00012,2017-05-23,Dywidenda,0.2000
https://www.gpw.pl/spolka?isin=PLFORTE00012,2016-05-23,Dywidenda,1.0000
https://www.gpw.pl/spolka?isin=PLFORTE00012,2015-05-25,Dywidenda,2.0000
https://www.gpw.pl/spolka?isin=PLFSING00010,2023-06-19,Dywidenda,0.3000
https://www.gpw.pl/spolka?isin=PLFSING00010,2019-08-22,Dywidenda,0.8000
https://www.gpw.pl/spolka?isin=PLFSING00010,2018-08-03,Dywidenda,0.8000
https://www.gpw.pl/spolka?isin=PLFSING00010,2017-08-03,Dywidenda,0.8000
https://www.gpw.pl/spolka?isin=PLFSING00010,2016-09-01,Dywidenda,0.8000
https://www.gpw.pl/spolka?isin=PLGLBLC00011,2024-07-01,Dywidenda,0.0900
https://www.gpw.pl/spolka?isin=PLGLBLC00011,2022-06-27,Dywidenda,0.0300
https://www.gpw.pl/spolka?isin=PLGLBLC00011,2021-06-28,Dywidenda,0.0600
https://www.gpw.pl/spolka?isin=PLGLBLC00011,2015-07-07,Dywidenda,0.1000
https://www.gpw.pl/spolka?isin=PLGMNGF00017,2021-05-12,Dywidenda,0.2700
https://www.gpw.pl/spolka?isin=PLGMSOP00019,2024-07-04,Dywidenda,0.2100
https://www.gpw.pl/spolka?isin=PLGMSOP00019,2023-06-29,Dywidenda,0.6000
https://www.gpw.pl/spolka?isin=PLGMSOP00019,2022-09-28,Dywidenda,0.4400
https://www.gpw.pl/spolka?isin=PLGMSOP00019,2021-09-14,Dywidenda,0.3400
https://www.gpw.pl/spolka?isin=PLGPW0000017,2024-07-22,Dywidenda,3.0000
https://www.gpw.pl/spolka?isin=PLGPW0000017,2023-07-20,Dywidenda,2.7000
https://www.gpw.pl/spolka?isin=PLGPW0000017,2022-07-21,Dywidenda,2.7400
https://www.gpw.pl/spolka?isin=PLGPW0000017,2021-07-21,Dywidenda,2.5000
https://www.gpw.pl/spolka?isin=PLGPW0000017,2020-07-24,Dywidenda,2.4000
https://www.gpw.pl/spolka?isin=PLGRODN00015,2022-10-03,Dywidenda,0.8400
https://www.gpw.pl/spolka?isin=PLGRODN00015,2021-10-28,Dywidenda,0.2100
https://www.gpw.pl/spolka?isin=PLGRODN00015,2020-10-23,Dywidenda,0.0800
https://www.gpw.pl/spolka?isin=PLGRODN00015,2018-10-31,Dywidenda,0.1200
https://www.gpw.pl/spolka?isin=PLGRODN00015,2017-10-30,Dywidenda,0.1200
https://www.gpw.pl/spolka?isin=PLGRPRC00015,2024-06-20,Dywidenda,2.0000
https://www.gpw.pl/spolka?isin=PLGRPRC00015,2023-06-28,Dywidenda,1.5000
https://www.gpw.pl/spolka?isin=PLGRPRC00015,2022-09-14,Dywidenda,2.0000
https://www.gpw.pl/spolka?isin=PLGSPR000014,2024-04-05,Dywidenda,0.2700
https://www.gpw.pl/spolka?isin=PLGSPR000014,2023-05-02,Dywidenda,0.5800
https://www.gpw.pl/spolka?isin=PLGSPR000014,2022-12-07,Dywidenda,1.0000
https://www.gpw.pl/spolka?isin=PLGSPR000014,2013-04-25,Dywidenda,0.1000
https://www.gpw.pl/spolka?isin=PLGSPR000014,2011-03-16,Prawo poboru,39.65 : 1.00
https://www.gpw.pl/spolka?isin=PLGTC0000037,2024-08-28,Dywidenda,0.2200
https://www.gpw.pl/spolka?isin=PLGTC0000037,2023-07-12,Dywidenda,0.2300
https://www.gpw.pl/spolka?isin=PLGTC0000037,2022-09-07,Dywidenda,0.2800
https://www.gpw.pl/spolka?isin=PLGTC0000037,2019-05-20,Dywidenda,0.3700
https://www.gpw.pl/spolka?isin=PLGTC0000037,2018-05-23,Dywidenda,0.3300
https://www.gpw.pl/spolka?isin=PLHDRTR00013,2024-09-18,Dywidenda,0.3000
https://www.gpw.pl/spolka?isin=PLHDRTR00013,2023-09-06,Dywidenda,2.0000
https://www.gpw.pl/spolka?isin=PLHDRTR00013,2022-09-07,Dywidenda,2.0000
https://www.gpw.pl/spolka?isin=PLHDRTR00013,2021-08-23,Dywidenda,2.0000
https://www.gpw.pl/spolka?isin=PLHDRTR00013,2020-08-12,Dywidenda,1.0000
https://www.gpw.pl/spolka?isin=PLHOGA000041,2025-06-18,Dywidenda,0.0300
https://www.gpw.pl/spolka?isin=PLHOGA000041,2024-06-19,Dywidenda,0.0300
https://www.gpw.pl/spolka?isin=PLHOGA000041,2023-06-14,Dywidenda,0.0700
https://www.gpw.pl/spolka?isin=PLHOGA000041,2022-06-28,Dywidenda,0.1000
https://www.gpw.pl/spolka?isin=PLHOGA000041,2021-07-16,Dywidenda,0.0600
https://www.gpw.pl/spolka?isin=PLHRDEX00021,2012-03-13,Podział (split),10.00
https://www.gpw.pl/spolka?isin=PLHRDEX00021,2010-05-11,Dywidenda,1.0000
https://www.gpw.pl/spolka?isin=PLHRDEX00021,2009-04-14,Dywidenda,7.0000
https://www.gpw.pl/spolka?isin=PLHRDEX00021,2008-08-19,Dywidenda,4.0600
https://www.gpw.pl/spolka?isin=PLIDMSA00044,2008-04-18,Prawo poboru,1.00
https://www.gpw.pl/spolka?isin=PLIDMSA00044,2007-02-07,Podział (split),10.00
https://www.gpw.pl/spolka?isin=PLINCLT00015,2021-06-30,Dywidenda,0.1200
https://www.gpw.pl/spolka?isin=PLINCLT00015,2008-04-07,Prawo poboru,1.00
https://www.gpw.pl/spolka?isin=PLINCLT00015,2008-02-21,Podział (split),2.00
https://www.gpw.pl/spolka?isin=PLINCLT00015,2006-12-05,Prawo poboru,1.00
https://www.gpw.pl/spolka?isin=PLINPRO00015,2024-07-23,Dywidenda,0.2500
https://www.gpw.pl/spolka?isin=PLINPRO00015,2023-07-21,Dywidenda,0.2500
https://www.gpw.pl/spolka?isin=PLINPRO00015,2022-07-27,Dywidenda,0.2500
https://www.gpw.pl/spolka?isin=PLINPRO00015,2021-07-22,Dywidenda,0.5000
https://www.gpw.pl/spolka?isin=PLINPRO00015,2020-07-30,Dywidenda,0.1500
https://www.gpw.pl/spolka?isin=PLINSTK00013,2024-08-12,Dywidenda,2.5000
https://www.gpw.pl/spolka?isin=PLINSTK00013,2023-08-10,Dywidenda,1.5000
https://www.gpw.pl/spolka?isin=PLINSTK00013,2022-07-06,Dywidenda,2.0000
https://www.gpw.pl/spolka?isin=PLINSTK00013,2021-07-06,Dywidenda,2.0000
https://www.gpw.pl/spolka?isin=PLINSTK00013,2020-09-01,Dywidenda,2.0000
https://www.gpw.pl/spolka?isin=PLINTBD00014,2012-07-03,Dywidenda,0.2900
https://www.gpw.pl/spolka?isin=PLINTCS00010,2025-06-12,Dywidenda,1.4200
https://www.gpw.pl/spolka?isin=PLINTCS00010,2024-06-06,Dywidenda,0.7100
https://www.gpw.pl/spolka?isin=PLINTCS00010,2023-06-15,Dywidenda,0.7100
https://www.gpw.pl/spolka?isin=PLINTCS00010,2022-06-28,Dywidenda,1.4200
https://www.gpw.pl/spolka?isin=PLINTCS00010,2021-06-28,Dywidenda,1.4200
https://www.gpw.pl/spolka?isin=PLINTGR00013,2017-07-12,Dywidenda,0.2000
https://www.gpw.pl/spolka?isin=PLINTGR00013,2016-07-13,Dywidenda,0.5000
https://www.gpw.pl/spolka?isin=PLINTGR00013,2002-06-04,Dywidenda,0.4000
https://www.gpw.pl/spolka?isin=PLINTGR00013,2000-06-12,Dywidenda,0.0000
https://www.gpw.pl/spolka?isin=PLINTGR00013,1999-09-14,Podział (split),5.00
https://www.gpw.pl/spolka?isin=PLINTKS00013,2016-08-25,Podział (split),40.00
https://www.gpw.pl/spolka?isin=PLINTKS00013,2013-02-22,Podział (split),25.00
https://www.gpw.pl/spolka?isin=PLINTMS00019,2024-05-24,Dywidenda,0.2800
https://www.gpw.pl/spolka?isin=PLINTMS00019,2023-07-03,Dywidenda,0.2100
https://www.gpw.pl/spolka?isin=PLINTMS00019,2022-06-14,Dywidenda,0.1800
https://www.gpw.pl/spolka?isin=PLINTMS00019,2021-07-02,Dywidenda,0.1000
https://www.gpw.pl/spolka?isin=PLINTMS00019,2020-09-02,Dywidenda,0.0500
https://www.gpw.pl/spolka?isin=PLINTRL00013,2025-05-08,Dywidenda,0.2400
https://www.gpw.pl/spolka?isin=PLINTRL00013,2024-05-28,Dywidenda,0.2400
https://www.gpw.pl/spolka?isin=PLINTRL00013,2024-04-05,Dywidenda,0.2400
https://www.gpw.pl/spolka?isin=PLINTRL00013,2023-08-18,Dywidenda,0.3400
https://www.gpw.pl/spolka?isin=PLINTRL00013,2023-03-30,Dywidenda,0.2000
https://www.gpw.pl/spolka?isin=PLIPOPM00011,2025-06-25,Dywidenda,0.2100
https://www.gpw.pl/spolka?isin=PLIPOPM00011,2024-05-21,Dywidenda,0.3000
https://www.gpw.pl/spolka?isin=PLIPOPM00011,2023-05-31,Dywidenda,0.1500
https://www.gpw.pl/spolka?isin=PLIPOPM00011,2022-06-01,Dywidenda,0.3100
https://www.gpw.pl/spolka?isin=PLIPOPM00011,2021-06-28,Dywidenda,0.3700
https://www.gpw.pl/spolka?isin=PLIZCJR00017,2024-07-11,Dywidenda,0.1000
https://www.gpw.pl/spolka?isin=PLIZCJR00017,2023-09-13,Dywidenda,0.1000
https://www.gpw.pl/spolka?isin=PLIZCJR00017,2009-09-25,Podział (split),30.00
https://www.gpw.pl/spolka?isin=PLIZSTL00015,2024-07-02,Dywidenda,0.0900
https://www.gpw.pl/spolka?isin=PLIZSTL00015,2023-07-05,Dywidenda,0.1200
https://www.gpw.pl/spolka?isin=PLIZSTL00015,2022-07-20,Dywidenda,0.1200
https://www.gpw.pl/spolka?isin=PLIZSTL00015,2021-07-20,Dywidenda,0.1200
https://www.gpw.pl/spolka?isin=PLIZSTL00015,2020-07-22,Dywidenda,0.1100
https://www.gpw.pl/spolka?isin=PLJRINV00013,2020-11-26,Prawo poboru,10.00 : 1.00
https://www.gpw.pl/spolka?isin=PLJRINV00013,2014-12-23,Podział (split),10.00
https://www.gpw.pl/spolka?isin=PLJSW0000015,2019-08-23,Dywidenda,1.7100
https://www.gpw.pl/spolka?isin=PLJSW0000015,2013-07-26,Dywidenda,2.5200
https://www.gpw.pl/spolka?isin=PLJSW0000015,2012-07-03,Dywidenda,5.3800
https://www.gpw.pl/spolka?isin=PLJWWNT00018,2024-06-05,Dywidenda,0.1900
https://www.gpw.pl/spolka?isin=PLJWWNT00018,2023-06-28,Dywidenda,0.0900
https://www.gpw.pl/spolka?isin=PLJWWNT00018,2022-06-30,Dywidenda,0.0600
https://www.gpw.pl/spolka?isin=PLK2ITR00010,2025-06-20,Dywidenda,2.0000
https://www.gpw.pl/spolka?isin=PLK2ITR00010,2024-06-21,Dywidenda,3.2500
https://www.gpw.pl/spolka?isin=PLK2ITR00010,2023-06-30,Dywidenda,4.0000
https://www.gpw.pl/spolka?isin=PLK2ITR00010,2022-08-26,Dywidenda,6.4000
https://www.gpw.pl/spolka?isin=PLK2ITR00010,2021-06-18,Dywidenda,1.0500
https://www.gpw.pl/spolka?isin=PLKAREN00014,2007-08-20,Prawo poboru,1.00 : 3.00
https://www.gpw.pl/spolka?isin=PLKETY000011,2024-08-19,Dywidenda,55.4000
https://www.gpw.pl/spolka?isin=PLKETY000011,2023-08-18,Dywidenda,62.5000
https://www.gpw.pl/spolka?isin=PLKETY000011,2022-07-07,Dywidenda,52.3700
https://www.gpw.pl/spolka?isin=PLKETY000011,2021-05-27,Dywidenda,44.5700
https://www.gpw.pl/spolka?isin=PLKETY000011,2020-09-17,Dywidenda,34.9900
https://www.gpw.pl/spolka?isin=PLKGHM000017,2024-06-26,Dywidenda,1.5000
https://www.gpw.pl/spolka?isin=PLKGHM000017,2023-07-25,Dywidenda,1.0000
https://www.gpw.pl/spolka?isin=PLKGHM000017,2022-07-05,Dywidenda,3.0000
https://www.gpw.pl/spolka?isin=PLKGHM000017,2021-06-17,Dywidenda,1.5000
https://www.gpw.pl/spolka?isin=PLKGHM000017,2017-07-12,Dywidenda,1.0000
https://www.gpw.pl/spolka?isin=PLKGNRC00015,2022-08-23,Dywidenda,0.3200
https://www.gpw.pl/spolka?isin=PLKGNRC00015,2018-09-17,Dywidenda,2.7000
https://www.gpw.pl/spolka?isin=PLKGNRC00015,2017-07-18,Dywidenda,6.5800
https://www.gpw.pl/spolka?isin=PLKGNRC00015,2016-08-08,Dywidenda,6.2500
https://www.gpw.pl/spolka?isin=PLKGNRC00015,2012-08-09,Dywidenda,4.4100
https://www.gpw.pl/spolka?isin=PLKLNR000017,2024-08-12,Dywidenda,0.4000
https://www.gpw.pl/spolka?isin=PLKLNR000017,2023-08-02,Dywidenda,0.6000
https://www.gpw.pl/spolka?isin=PLKLNR000017,2022-08-01,Dywidenda,0.6000
https://www.gpw.pl/spolka?isin=PLKLNR000017,2021-07-06,Dywidenda,0.3800
https://www.gpw.pl/spolka?isin=PLKLNR000017,2019-08-06,Dywidenda,0.3300
https://www.gpw.pl/spolka?isin=PLKLSTN00017,2018-04-18,Prawo poboru,5.00 : 1.00
https://www.gpw.pl/spolka?isin=PLKLSTN00017,2017-03-13,Prawo poboru,1.00
https://www.gpw.pl/spolka?isin=PLKMPTR00012,2015-12-10,Dywidenda,0.5000
https://www.gpw.pl/spolka?isin=PLKMPTR00012,2014-08-25,Dywidenda,0.2700
https://www.gpw.pl/spolka?isin=PLKMPTR00012,2013-09-17,Dywidenda,0.1100
https://www.gpw.pl/spolka?isin=PLKMPTR00012,2012-09-10,Dywidenda,0.3600
https://www.gpw.pl/spolka?isin=PLKMPTR00012,2011-09-30,Dywidenda,0.1200
https://www.gpw.pl/spolka?isin=PLKNOPL00014,2024-08-21,Dywidenda,0.6300
https://www.gpw.pl/spolka?isin=PLKNOPL00014,2023-08-21,Dywidenda,0.3500
https://www.gpw.pl/spolka?isin=PLKNOPL00014,2022-08-19,Dywidenda,0.5000
https://www.gpw.pl/spolka?isin=PLKNOPL00014,2019-06-27,Dywidenda,0.3000
https://www.gpw.pl/spolka?isin=PLKNOPL00014,2018-06-27,Dywidenda,0.5500
https://www.gpw.pl/spolka?isin=PLKOMPP00017,2024-05-28,Dywidenda,1.0500
https://www.gpw.pl/spolka?isin=PLKOMPP00017,2023-05-29,Dywidenda,1.0000
https://www.gpw.pl/spolka?isin=PLKOMPP00017,2022-07-06,Dywidenda,0.4500
https://www.gpw.pl/spolka?isin=PLKOMPP00017,2021-06-18,Dywidenda,0.5000
https://www.gpw.pl/spolka?isin=PLKOMPP00017,2020-07-14,Dywidenda,0.3900
https://www.gpw.pl/spolka?isin=PLKPPD000017,2023-07-19,Dywidenda,4.0000
https://www.gpw.pl/spolka?isin=PLKPPD000017,2022-07-20,Dywidenda,2.0000
https://www.gpw.pl/spolka?isin=PLKPPD000017,2008-06-17,Dywidenda,1.7500
https://www.gpw.pl/spolka?isin=PLKRINK00014,2011-11-16,Dywidenda,0.3200
https://www.gpw.pl/spolka?isin=PLKRINK00014,2010-07-13,Dywidenda,0.9900
https://www.gpw.pl/spolka?isin=PLKRINK00014,2009-09-03,Dywidenda,0.0900
https://www.gpw.pl/spolka?isin=PLKRINK00014,2008-07-18,Dywidenda,0.1600
https://www.gpw.pl/spolka?isin=PLKRK0000010,2024-05-13,Dywidenda,18.0000
https://www.gpw.pl/spolka?isin=PLKRK0000010,2023-09-05,Dywidenda,15.0000
https://www.gpw.pl/spolka?isin=PLKRK0000010,2022-04-19,Dywidenda,13.0000
https://www.gpw.pl/spolka?isin=PLKRK0000010,2021-06-22,Dywidenda,11.0000
https://www.gpw.pl/spolka?isin=PLKRK0000010,2019-06-28,Dywidenda,5.0000
https://www.gpw.pl/spolka?isin=PLKRKCH00019,2012-06-26,Dywidenda,0.3500
https://www.gpw.pl/spolka?isin=PLKRKGL00012,2024-07-04,Dywidenda,0.5000
https://www.gpw.pl/spolka?isin=PLKRKGL00012,2021-06-23,Dywidenda,0.3500
https://www.gpw.pl/spolka?isin=PLKRKGL00012,2020-06-23,Dywidenda,0.3400
https://www.gpw.pl/spolka?isin=PLKRKGL00012,2019-07-19,Dywidenda,0.1400
https://www.gpw.pl/spolka?isin=PLKRKGL00012,2018-07-12,Dywidenda,0.2100
https://www.gpw.pl/spolka?isin=PLKRVTM00010,2023-07-07,Dywidenda,0.2000
https://www.gpw.pl/spolka?isin=PLKRVTM00010,2020-04-28,Dywidenda,0.2400
https://www.gpw.pl/spolka?isin=PLKRVTM00010,2019-06-18,Dywidenda,0.6600
https://www.gpw.pl/spolka?isin=PLKRVTM00010,2018-09-26,Dywidenda,0.2400
https://www.gpw.pl/spolka?isin=PLKRVTM00010,2017-07-03,Dywidenda,0.1700
https://www.gpw.pl/spolka?isin=PLLBPRT00013,2025-06-13,Dywidenda,0.2000
https://www.gpw.pl/spolka?isin=PLLBPRT00013,2023-06-30,Dywidenda,0.3000
https://www.gpw.pl/spolka?isin=PLLBPRT00013,2022-06-23,Dywidenda,0.2000
https://www.gpw.pl/spolka?isin=PLLBPRT00013,2021-07-07,Dywidenda,0.2000
https://www.gpw.pl/spolka?isin=PLLBPRT00013,2020-07-16,Dywidenda,0.1500
https://www.gpw.pl/spolka?isin=PLLBT0000013,2012-07-09,Dywidenda,0.4000
https://www.gpw.pl/spolka?isin=PLLCCRP00017,2025-06-12,Dywidenda,0.5800
https://www.gpw.pl/spolka?isin=PLLCCRP00017,2024-06-13,Dywidenda,0.5000
https://www.gpw.pl/spolka?isin=PLLCCRP00017,2023-07-12,Dywidenda,0.4000
https://www.gpw.pl/spolka?isin=PLLCCRP00017,2022-05-20,Dywidenda,0.4500
https://www.gpw.pl/spolka?isin=PLLCCRP00017,2021-07-02,Dywidenda,0.1700
https://www.gpw.pl/spolka?isin=PLLENAL00015,2025-06-18,Dywidenda,0.1000
https://www.gpw.pl/spolka?isin=PLLENAL00015,2024-07-03,Dywidenda,0.2000
https://www.gpw.pl/spolka?isin=PLLENAL00015,2023-06-23,Dywidenda,0.2000
https://www.gpw.pl/spolka?isin=PLLENAL00015,2022-06-13,Dywidenda,0.1000
https://www.gpw.pl/spolka?isin=PLLENAL00015,2021-06-10,Dywidenda,0.3000
https://www.gpw.pl/spolka?isin=PLLENTX00010,2021-06-29,Dywidenda,0.3000
https://www.gpw.pl/spolka?isin=PLLENTX00010,2020-07-10,Dywidenda,1.0000
https://www.gpw.pl/spolka?isin=PLLENTX00010,2018-07-04,Dywidenda,0.5500
https://www.gpw.pl/spolka?isin=PLLENTX00010,2017-07-05,Dywidenda,0.5000
https://www.gpw.pl/spolka?isin=PLLENTX00010,2016-07-05,Dywidenda,0.4500
https://www.gpw.pl/spolka?isin=PLLKMDW00049,2025-05-26,Dywidenda,0.5000
https://www.gpw.pl/spolka?isin=PLLKMDW00049,2024-08-12,Dywidenda,2.4000
https://www.gpw.pl/spolka?isin=PLLKMDW00049,2023-06-29,Dywidenda,1.6900
https://www.gpw.pl/spolka?isin=PLLKMDW00049,2022-09-19,Dywidenda,1.6500
https://www.gpw.pl/spolka?isin=PLLKMDW00049,2021-09-24,Dywidenda,0.5000
https://www.gpw.pl/spolka?isin=PLLPP0000011,2024-10-09,Dywidenda,325.0000
https://www.gpw.pl/spolka?isin=PLLPP0000011,2023-07-06,Dywidenda,430.0000
https://www.gpw.pl/spolka?isin=PLLPP0000011,2022-05-26,Dywidenda,350.0000
https://www.gpw.pl/spolka?isin=PLLPP0000011,2021-07-02,Dywidenda,450.0000
https://www.gpw.pl/spolka?isin=PLLPP0000011,2019-06-14,Dywidenda,60.0000
https://www.gpw.pl/spolka?isin=PLLSSFT00016,2023-08-14,Dywidenda,0.2500
https://www.gpw.pl/spolka?isin=PLLSSFT00016,2019-07-19,Dywidenda,0.5000
https://www.gpw.pl/spolka?isin=PLLSTIA00018,2017-02-28,Prawo poboru,1.00 : 3.00
https://www.gpw.pl/spolka?isin=PLLSTIA00018,2016-11-07,Prawo poboru,1.00 : 2.00
https://www.gpw.pl/spolka?isin=PLLUBAW00013,2009-07-13,Dywidenda,0.0300
https://www.gpw.pl/spolka?isin=PLLUBAW00013,2006-09-18,Dywidenda,0.1200
https://www.gpw.pl/spolka?isin=PLLUBAW00013,2006-04-21,Prawo poboru,1.00 : 2.00
https://www.gpw.pl/spolka?isin=PLLUBAW00013,2006-03-09,Podział (split),10.00
https://www.gpw.pl/spolka?isin=PLLUBAW00013,2005-06-27,Dywidenda,0.5000
https://www.gpw.pl/spolka?isin=PLLVTSF00010,2024-08-27,Dywidenda,2.7600
https://www.gpw.pl/spolka?isin=PLLVTSF00010,2023-08-23,Dywidenda,3.0300
https://www.gpw.pl/spolka?isin=PLLVTSF00010,2022-08-23,Dywidenda,2.1200
https://www.gpw.pl/spolka?isin=PLLVTSF00010,2021-08-23,Dywidenda,1.9100
https://www.gpw.pl/spolka?isin=PLLVTSF00010,2020-08-21,Dywidenda,1.2800
https://www.gpw.pl/spolka?isin=PLLWBGD00016,2024-07-02,Dywidenda,2.5000
https://www.gpw.pl/spolka?isin=PLLWBGD00016,2023-07-04,Dywidenda,2.5800
https://www.gpw.pl/spolka?isin=PLLWBGD00016,2022-06-30,Dywidenda,2.5000
https://www.gpw.pl/spolka?isin=PLLWBGD00016,2019-07-05,Dywidenda,0.7500
https://www.gpw.pl/spolka?isin=PLLWBGD00016,2017-07-11,Dywidenda,1.0000
https://www.gpw.pl/spolka?isin=PLLZPSK00019,2018-09-07,Dywidenda,0.1200
https://www.gpw.pl/spolka?isin=PLLZPSK00019,2017-09-27,Dywidenda,0.2300
https://www.gpw.pl/spolka?isin=PLLZPSK00019,2016-09-22,Dywidenda,0.3100
https://www.gpw.pl/spolka?isin=PLLZPSK00019,2015-09-23,Dywidenda,0.2900
https://www.gpw.pl/spolka?isin=PLLZPSK00019,2014-09-23,Dywidenda,0.2700
https://www.gpw.pl/spolka?isin=PLMAKRM00019,2023-08-30,Dywidenda,0.0500
https://www.gpw.pl/spolka?isin=PLMAKRM00019,2022-09-07,Dywidenda,0.0400
https://www.gpw.pl/spolka?isin=PLMAKRM00019,2020-09-25,Dywidenda,0.0200
https://www.gpw.pl/spolka?isin=PLMAKRM00019,2019-09-20,Dywidenda,0.0800
https://www.gpw.pl/spolka?isin=PLMAKRM00019,2018-09-05,Dywidenda,0.0700
https://www.gpw.pl/spolka?isin=PLMCIMG00012,2022-09-22,Dywidenda,0.7000
https://www.gpw.pl/spolka?isin=PLMCIMG00012,2021-09-15,Dywidenda,0.5400
https://www.gpw.pl/spolka?isin=PLMCIMG00012,2008-11-14,Prawo poboru,20.00 : 1.00
https://www.gpw.pl/spolka?isin=PLMCIMG00012,2008-11-13,Prawo poboru,12.00 : 1.00
https://www.gpw.pl/spolka?isin=PLMDCLG00015,2018-07-12,Dywidenda,1.4200
https://www.gpw.pl/spolka?isin=PLMDCLG00015,2017-07-12,Dywidenda,2.0000
https://www.gpw.pl/spolka?isin=PLMDCLG00015,2016-07-06,Dywidenda,1.8500
https://www.gpw.pl/spolka?isin=PLMDCLG00015,2015-07-03,Dywidenda,1.6000
https://www.gpw.pl/spolka?isin=PLMDCLG00015,2014-07-01,Dywidenda,1.3500
https://www.gpw.pl/spolka?isin=PLMEXPL00010,2025-05-23,Dywidenda,0.1100
https://www.gpw.pl/spolka?isin=PLMEXPL00010,2024-05-28,Dywidenda,0.2700
https://www.gpw.pl/spolka?isin=PLMEXPL00010,2023-06-30,Dywidenda,0.1400
https://www.gpw.pl/spolka?isin=PLMEXPL00010,2019-09-13,Dywidenda,0.1900
https://www.gpw.pl/spolka?isin=PLMEXPL00010,2018-07-04,Dywidenda,0.1700
https://www.gpw.pl/spolka?isin=PLMFO0000013,2022-08-10,Dywidenda,4.0000
https://www.gpw.pl/spolka?isin=PLMFO0000013,2021-06-08,Dywidenda,1.0000
https://www.gpw.pl/spolka?isin=PLMFO0000013,2019-06-18,Dywidenda,0.8400
https://www.gpw.pl/spolka?isin=PLMFO0000013,2018-06-19,Dywidenda,0.6300
https://www.gpw.pl/spolka?isin=PLMFO0000013,2017-06-28,Dywidenda,0.5800
https://www.gpw.pl/spolka?isin=PLMGRON00016,2022-07-22,Dywidenda,0.2000
https://www.gpw.pl/spolka?isin=PLMGRON00016,2021-07-16,Dywidenda,0.3700
https://www.gpw.pl/spolka?isin=PLMGRON00016,2018-08-30,Dywidenda,0.9500
https://www.gpw.pl/spolka?isin=PLMGRON00016,2017-07-26,Dywidenda,0.7000
https://www.gpw.pl/spolka?isin=PLMGRON00016,2017-06-19,Dywidenda,1.5900
https://www.gpw.pl/spolka?isin=PLMKRNP00015,2024-07-01,Dywidenda,0.7500
https://www.gpw.pl/spolka?isin=PLMKRNP00015,2023-07-12,Dywidenda,0.6000
https://www.gpw.pl/spolka?isin=PLMKRNP00015,2022-07-13,Dywidenda,0.3000
https://www.gpw.pl/spolka?isin=PLMKRNP00015,2021-07-13,Dywidenda,0.3000
https://www.gpw.pl/spolka?isin=PLMKRNP00015,2020-09-29,Dywidenda,0.2500
https://www.gpw.pl/spolka?isin=PLMLPGR00017,2016-05-06,Dywidenda,2.3000
https://www.gpw.pl/spolka?isin=PLMLSTM00015,2019-06-26,Dywidenda,0.2000
https://www.gpw.pl/spolka?isin=PLMNNCP00011,2024-05-13,Dywidenda,1.2500
https://www.gpw.pl/spolka?isin=PLMNNCP00011,2023-06-14,Dywidenda,0.1000
https://www.gpw.pl/spolka?isin=PLMNNCP00011,2022-06-02,Dywidenda,0.7000
https://www.gpw.pl/spolka?isin=PLMNNCP00011,2021-06-16,Dywidenda,0.7000
https://www.gpw.pl/spolka?isin=PLMNNCP00011,2020-06-03,Dywidenda,0.5000
https://www.gpw.pl/spolka?isin=PLMNRTR00012,2016-06-29,Dywidenda,0.2000
https://www.gpw.pl/spolka?isin=PLMOBRK00013,2024-07-26,Dywidenda,13.1700
https://www.gpw.pl/spolka?isin=PLMOBRK00013,2023-06-29,Dywidenda,13.1700
https://www.gpw.pl/spolka?isin=PLMOBRK00013,2022-04-29,Dywidenda,31.5000
https://www.gpw.pl/spolka?isin=PLMOBRK00013,2021-06-14,Dywidenda,20.1500
https://www.gpw.pl/spolka?isin=PLMOBRK00013,2020-06-18,Dywidenda,10.2500
https://www.gpw.pl/spolka?isin=PLMOJ0000015,2009-07-14,Dywidenda,0.0500
https://www.gpw.pl/spolka?isin=PLMOJ0000015,2008-07-15,Dywidenda,0.1200
https://www.gpw.pl/spolka?isin=PLMRBUD00015,2025-06-27,Dywidenda,0.1000
https://www.gpw.pl/spolka?isin=PLMRBUD00015,2024-06-25,Dywidenda,0.2100
https://www.gpw.pl/spolka?isin=PLMRBUD00015,2023-06-22,Dywidenda,0.2600
https://www.gpw.pl/spolka?isin=PLMRBUD00015,2022-06-15,Dywidenda,0.2000
https://www.gpw.pl/spolka?isin=PLMRBUD00015,2021-06-29,Dywidenda,0.0800
https://www.gpw.pl/spolka?isin=PLMRCOR00016,2024-10-03,Dywidenda,0.7700
https://www.gpw.pl/spolka?isin=PLMRCOR00016,2023-09-12,Dywidenda,1.5100
https://www.gpw.pl/spolka?isin=PLMRCOR00016,2022-10-27,Dywidenda,0.6300
https://www.gpw.pl/spolka?isin=PLMRCOR00016,2021-09-20,Dywidenda,0.5700
https://www.gpw.pl/spolka?isin=PLMRCOR00016,2020-12-09,Dywidenda,0.2500
https://www.gpw.pl/spolka?isin=PLMRCTR00015,2023-06-28,Dywidenda,2.5000
https://www.gpw.pl/spolka?isin=PLMRCTR00015,2020-06-17,Dywidenda,0.5000
https://www.gpw.pl/spolka?isin=PLMRCTR00015,2017-07-07,Dywidenda,0.1300
https://www.gpw.pl/spolka?isin=PLMRCTR00015,2015-06-30,Dywidenda,0.2500
https://www.gpw.pl/spolka?isin=PLMRCTR00015,2014-07-03,Dywidenda,0.0300
https://www.gpw.pl/spolka?isin=PLMRVDV00011,2024-04-30,Dywidenda,1.0600
https://www.gpw.pl/spolka?isin=PLMRVDV00011,2022-04-14,Dywidenda,1.1400
https://www.gpw.pl/spolka?isin=PLMRVDV00011,2021-06-08,Dywidenda,0.9500
https://www.gpw.pl/spolka?isin=PLMRVDV00011,2020-09-11,Dywidenda,0.1700
https://www.gpw.pl/spolka?isin=PLMSTPL00018,2023-06-23,Dywidenda,0.8000
https://www.gpw.pl/spolka?isin=PLMSTPL00018,2022-06-03,Dywidenda,4.0000
https://www.gpw.pl/spolka?isin=PLMSTPL00018,2021-06-24,Dywidenda,0.5000
https://www.gpw.pl/spolka?isin=PLMSTPL00018,2015-06-05,Dywidenda,1.3900
https://www.gpw.pl/spolka?isin=PLMSTPL00018,2013-05-02,Dywidenda,1.1800
https://www.gpw.pl/spolka?isin=PLMSTSD00019,2012-10-26,Prawo poboru,1.00 : 0.37
https://www.gpw.pl/spolka?isin=PLMSTSD00019,2011-09-12,Dywidenda,0.0400
https://www.gpw.pl/spolka?isin=PLMSTSD00019,2010-08-27,Dywidenda,0.0400
https://www.gpw.pl/spolka?isin=PLMSTSD00019,2009-08-27,Dywidenda,0.0100
https://www.gpw.pl/spolka?isin=PLMSTSD00019,2008-07-17,Dywidenda,0.0100
https://www.gpw.pl/spolka?isin=PLMSTWS00019,2011-06-28,Dywidenda,0.5500
https://www.gpw.pl/spolka?isin=PLMSTWS00019,2010-06-09,Dywidenda,1.4000
https://www.gpw.pl/spolka?isin=PLMSTWS00019,2006-02-14,Prawo poboru,1.00
https://www.gpw.pl/spolka?isin=PLMSTWS00019,2000-05-03,Dywidenda,0.0000
https://www.gpw.pl/spolka?isin=PLMSTWS00019,1999-05-31,Dywidenda,0.0000
https://www.gpw.pl/spolka?isin=PLMSTZB00018,2015-08-28,Dywidenda,0.0500
https://www.gpw.pl/spolka?isin=PLMSTZB00018,2011-08-29,Dywidenda,0.0300
https://www.gpw.pl/spolka?isin=PLMSTZB00018,2006-07-31,Prawo poboru,2.00 : 3.00
https://www.gpw.pl/spolka?isin=PLMSTZB00018,2006-06-28,Prawo poboru,2.00 : 3.00
https://www.gpw.pl/spolka?isin=PLMSTZB00018,2000-08-25,Dywidenda,0.2500
https://www.gpw.pl/spolka?isin=PLMURPL00190,2025-06-17,Dywidenda,1.9700
https://www.gpw.pl/spolka?isin=PLMUZA000019,2024-01-04,Dywidenda,1.0000
https://www.gpw.pl/spolka?isin=PLMUZA000019,2021-09-22,Dywidenda,0.6500
https://www.gpw.pl/spolka?isin=PLMUZA000019,2003-05-13,Dywidenda,0.5000
https://www.gpw.pl/spolka?isin=PLMUZA000019,2000-10-10,Prawo poboru,5.00 : 1.00
https://www.gpw.pl/spolka?isin=PLMUZA000019,2000-06-23,Dywidenda,0.0000
https://www.gpw.pl/spolka?isin=PLMVGMS00011,2022-04-22,Dywidenda,1.0000
https://www.gpw.pl/spolka?isin=PLMVGMS00011,2020-09-28,Dywidenda,0.3200
https://www.gpw.pl/spolka?isin=PLMWTRD00013,2020-05-20,Dywidenda,2.1000
https://www.gpw.pl/spolka?isin=PLMWTRD00013,2018-06-08,Dywidenda,0.4600
https://www.gpw.pl/spolka?isin=PLMWTRD00013,2017-04-18,Dywidenda,0.7500
https://www.gpw.pl/spolka?isin=PLMWTRD00013,2016-06-07,Dywidenda,1.1500
https://www.gpw.pl/spolka?isin=PLMWTRD00013,2015-04-21,Dywidenda,1.0200
https://www.gpw.pl/spolka?isin=PLMXCMS00016,2024-07-23,Dywidenda,1.0000
https://www.gpw.pl/spolka?isin=PLMXCMS00016,2022-08-08,Dywidenda,1.0000
https://www.gpw.pl/spolka?isin=PLMXCMS00016,2021-06-15,Dywidenda,1.0000
https://www.gpw.pl/spolka?isin=PLMXCMS00016,2020-07-01,Dywidenda,2.0000
https://www.gpw.pl/spolka?isin=PLMXCMS00016,2019-06-13,Dywidenda,2.0000
https://www.gpw.pl/spolka?isin=PLNEPTS00011,2025-06-27,Dywidenda,5.6200
https://www.gpw.pl/spolka?isin=PLNEPTS00011,2024-06-27,Dywidenda,2.0000
https://www.gpw.pl/spolka?isin=PLNEPTS00011,2023-07-14,Dywidenda,4.6000
https://www.gpw.pl/spolka?isin=PLNEPTS00011,2022-08-08,Dywidenda,1.8200
https://www.gpw.pl/spolka?isin=PLNEPTS00011,2018-09-28,Podział (split),2.00
https://www.gpw.pl/spolka?isin=PLNEWAG00012,2025-06-16,Dywidenda,2.0000
https://www.gpw.pl/spolka?isin=PLNEWAG00012,2024-06-20,Dywidenda,0.9600
https://www.gpw.pl/spolka?isin=PLNEWAG00012,2022-06-08,Dywidenda,0.2500
https://www.gpw.pl/spolka?isin=PLNEWAG00012,2021-09-13,Dywidenda,1.5000
https://www.gpw.pl/spolka?isin=PLNEWAG00012,2020-08-31,Dywidenda,1.0000
https://www.gpw.pl/spolka?isin=PLNFI0400015,2006-04-13,Prawo poboru,1.00 : 3.00
https://www.gpw.pl/spolka?isin=PLNFI0500012,2024-07-29,Dywidenda,0.0600
https://www.gpw.pl/spolka?isin=PLNFI0500012,2019-11-20,Prawo poboru,1.00
https://www.gpw.pl/spolka?isin=PLNFI0600010,2007-10-30,Dywidenda,2.1700
https://www.gpw.pl/spolka?isin=PLNFI0600010,2006-10-16,Dywidenda,0.1000
https://www.gpw.pl/spolka?isin=PLNFI0600010,2004-10-26,Dywidenda,0.1500
https://www.gpw.pl/spolka?isin=PLNFI0600010,2003-11-12,Dywidenda,0.3000
https://www.gpw.pl/spolka?isin=PLNFI0600010,2001-10-05,Dywidenda,0.3500
https://www.gpw.pl/spolka?isin=PLNFI0700018,2013-03-15,Prawo poboru,1.00 : 0.10
https://www.gpw.pl/spolka?isin=PLNFI0700018,2007-03-12,Prawo poboru,1.00 : 2.00
https://www.gpw.pl/spolka?isin=PLNFI0700018,2005-07-06,Dywidenda,1.7300
https://www.gpw.pl/spolka?isin=PLNFI1000012,2021-07-07,Dywidenda,0.0500
https://www.gpw.pl/spolka?isin=PLNFI1000012,2018-06-28,Dywidenda,0.0800
https://www.gpw.pl/spolka?isin=PLNFI1000012,2017-07-05,Dywidenda,0.0900
https://www.gpw.pl/spolka?isin=PLNFI1000012,2013-09-03,Prawo poboru,2.00 : 1.00
https://www.gpw.pl/spolka?isin=PLNFI1000012,2013-04-15,Prawo poboru,21.00 : 2.00
https://www.gpw.pl/spolka?isin=PLNFI1200018,2007-02-13,Prawo poboru,1.00
https://www.gpw.pl/spolka?isin=PLNFI1200018,2006-06-21,Prawo poboru,1.00 : 4.00
https://www.gpw.pl/spolka?isin=PLNTSYS00013,2024-09-23,Dywidenda,0.1500
https://www.gpw.pl/spolka?isin=PLNTSYS00013,2023-09-25,Dywidenda,0.0700
https://www.gpw.pl/spolka?isin=PLNTSYS00013,2022-09-26,Dywidenda,0.3000
https://www.gpw.pl/spolka?isin=PLNTSYS00013,2021-09-24,Dywidenda,0.1500
https://www.gpw.pl/spolka?isin=PLNTSYS00013,2020-09-28,Dywidenda,0.0700
https://www.gpw.pl/spolka?isin=PLNVITA00018,2024-12-13,Dywidenda,3.2000
https://www.gpw.pl/spolka?isin=PLNVITA00018,2024-07-24,Dywidenda,9.2000
https://www.gpw.pl/spolka?isin=PLNVITA00018,2023-12-15,Dywidenda,4.0000
https://www.gpw.pl/spolka?isin=PLNVITA00018,2023-06-29,Dywidenda,12.0000
https://www.gpw.pl/spolka?isin=PLNVITA00018,2021-12-10,Dywidenda,9.2000
https://www.gpw.pl/spolka?isin=PLODLPL00013,2025-06-11,Dywidenda,0.3200
https://www.gpw.pl/spolka?isin=PLODLPL00013,2024-05-28,Dywidenda,0.5000
https://www.gpw.pl/spolka?isin=PLODLPL00013,2023-05-29,Dywidenda,0.5000
https://www.gpw.pl/spolka?isin=PLODLPL00013,2022-05-26,Dywidenda,0.4000
https://www.gpw.pl/spolka?isin=PLODLPL00013,2021-06-28,Dywidenda,0.2500
https://www.gpw.pl/spolka?isin=PLODRTS00017,2024-05-17,Dywidenda,2.8600
https://www.gpw.pl/spolka?isin=PLODRTS00017,2023-06-14,Dywidenda,6.4000
https://www.gpw.pl/spolka?isin=PLODRTS00017,2016-12-22,Podział (split),8.00
https://www.gpw.pl/spolka?isin=PLODRTS00017,2016-08-11,Dywidenda,7.0000
https://www.gpw.pl/spolka?isin=PLODRTS00017,2015-04-29,Dywidenda,7.0000
https://www.gpw.pl/spolka?isin=PLONDE000018,2025-05-23,Dywidenda,0.3100
https://www.gpw.pl/spolka?isin=PLONDE000018,2024-05-16,Dywidenda,0.3100
https://www.gpw.pl/spolka?isin=PLOPNPL00013,2025-05-16,Dywidenda,6.8000
https://www.gpw.pl/spolka?isin=PLOPNPL00013,2024-06-17,Dywidenda,5.0000
https://www.gpw.pl/spolka?isin=PLOPNPL00013,2023-05-24,Dywidenda,2.0000
https://www.gpw.pl/spolka?isin=PLOPNPL00013,2022-05-16,Dywidenda,1.3600
https://www.gpw.pl/spolka?isin=PLOPNPL00013,2021-07-12,Dywidenda,1.0000
https://www.gpw.pl/spolka?isin=PLOPTEM00012,2022-06-15,Dywidenda,1.2700
https://www.gpw.pl/spolka?isin=PLOPTEM00012,2021-04-15,Dywidenda,12.0000
https://www.gpw.pl/spolka?isin=PLOPTEM00012,2016-05-18,Dywidenda,0.1700
https://www.gpw.pl/spolka?isin=PLOPTEM00012,2015-06-18,Dywidenda,0.1500
https://www.gpw.pl/spolka?isin=PLOPTEM00012,2014-06-26,Dywidenda,0.1100
https://www.gpw.pl/spolka?isin=PLOPTTC00011,2025-06-26,Dywidenda,1.0000
https://www.gpw.pl/spolka?isin=PLOPTTC00011,2024-06-19,Dywidenda,1.0000
https://www.gpw.pl/spolka?isin=PLOPTTC00011,2023-06-09,Dywidenda,1.0000
https://www.gpw.pl/spolka?isin=PLOPTTC00011,2022-07-01,Dywidenda,1.0000
https://www.gpw.pl/spolka?isin=PLOPTTC00011,2021-05-28,Dywidenda,5.0000
https://www.gpw.pl/spolka?isin=PLORZBL00013,2025-06-27,Dywidenda,1.2000
https://www.gpw.pl/spolka?isin=PLORZBL00013,2024-06-27,Dywidenda,1.0000
https://www.gpw.pl/spolka?isin=PLORZBL00013,2018-08-29,Dywidenda,1.1200
https://www.gpw.pl/spolka?isin=PLORZBL00013,2013-07-01,Dywidenda,0.2200
https://www.gpw.pl/spolka?isin=PLORZBL00013,2012-05-23,Dywidenda,0.7500
https://www.gpw.pl/spolka?isin=PLPANVA00013,2024-09-05,Dywidenda,0.7000
https://www.gpw.pl/spolka?isin=PLPANVA00013,2023-09-08,Dywidenda,0.6500
https://www.gpw.pl/spolka?isin=PLPANVA00013,2022-09-19,Dywidenda,0.6000
https://www.gpw.pl/spolka?isin=PLPANVA00013,2017-07-21,Dywidenda,0.7500
https://www.gpw.pl/spolka?isin=PLPANVA00013,2016-09-21,Dywidenda,0.7500
https://www.gpw.pl/spolka?isin=PLPBG0000029,2011-09-15,Dywidenda,1.4000
https://www.gpw.pl/spolka?isin=PLPBG0000029,2010-05-07,Dywidenda,1.4000
https://www.gpw.pl/spolka?isin=PLPBG0000029,2007-01-12,Prawo poboru,8.59 : 1.00
https://www.gpw.pl/spolka?isin=PLPBG0000029,2006-01-06,Prawo poboru,7.02 : 1.00
https://www.gpw.pl/spolka?isin=PLPCCEX00010,2024-05-22,Dywidenda,0.0700
https://www.gpw.pl/spolka?isin=PLPCCEX00010,2023-05-02,Dywidenda,0.1000
https://www.gpw.pl/spolka?isin=PLPCCEX00010,2022-04-19,Dywidenda,0.1200
https://www.gpw.pl/spolka?isin=PLPCCEX00010,2021-05-04,Dywidenda,0.1700
https://www.gpw.pl/spolka?isin=PLPCCEX00010,2020-05-26,Dywidenda,0.0500
https://www.gpw.pl/spolka?isin=PLPCCRK00076,2025-04-30,Dywidenda,5.0500
https://www.gpw.pl/spolka?isin=PLPCCRK00076,2024-05-22,Dywidenda,6.7000
https://www.gpw.pl/spolka?isin=PLPCCRK00076,2023-05-02,Dywidenda,21.5700
https://www.gpw.pl/spolka?isin=PLPCCRK00076,2022-04-25,Dywidenda,13.2300
https://www.gpw.pl/spolka?isin=PLPCCRK00076,2021-05-04,Dywidenda,3.6700
https://www.gpw.pl/spolka?isin=PLPCFGR00010,2022-07-06,Dywidenda,0.2700
https://www.gpw.pl/spolka?isin=PLPCFGR00010,2021-06-28,Dywidenda,0.1900
https://www.gpw.pl/spolka?isin=PLPEKAO00016,2025-05-05,Dywidenda,18.3600
https://www.gpw.pl/spolka?isin=PLPEKAO00016,2024-04-22,Dywidenda,19.2000
https://www.gpw.pl/spolka?isin=PLPEKAO00016,2023-06-30,Dywidenda,5.4200
https://www.gpw.pl/spolka?isin=PLPEKAO00016,2022-07-21,Dywidenda,4.3000
https://www.gpw.pl/spolka?isin=PLPEKAO00016,2021-09-08,Dywidenda,3.2100
https://www.gpw.pl/spolka?isin=PLPEKPL00010,2007-10-03,Prawo poboru,4.00 : 1.00
https://www.gpw.pl/spolka?isin=PLPEKPL00010,2004-04-21,Podział (split),5.00
https://www.gpw.pl/spolka?isin=PLPEKPL00010,2000-05-26,Dywidenda,0.0000
https://www.gpw.pl/spolka?isin=PLPEKPL00010,1999-05-28,Dywidenda,0.0000
https://www.gpw.pl/spolka?isin=PLPEKPL00010,1998-05-29,Dywidenda,0.0000
https://www.gpw.pl/spolka?isin=PLPEPES00018,2023-06-02,Dywidenda,0.1000
https://www.gpw.pl/spolka?isin=PLPEPES00018,2020-06-29,Dywidenda,0.1200
https://www.gpw.pl/spolka?isin=PLPEPES00018,2019-07-04,Dywidenda,0.1200
https://www.gpw.pl/spolka?isin=PLPEPES00018,2009-06-25,Prawo poboru,1.00 : 2.00
https://www.gpw.pl/spolka?isin=PLPEPES00018,2007-08-24,Podział (split),100.00
https://www.gpw.pl/spolka?isin=PLPGER000010,2016-09-21,Dywidenda,0.2500
https://www.gpw.pl/spolka?isin=PLPGER000010,2015-09-22,Dywidenda,0.7800
https://www.gpw.pl/spolka?isin=PLPGER000010,2014-09-02,Dywidenda,1.1000
https://www.gpw.pl/spolka?isin=PLPGER000010,2013-09-02,Dywidenda,0.8600
https://www.gpw.pl/spolka?isin=PLPGER000010,2012-08-17,Dywidenda,1.8300
https://www.gpw.pl/spolka?isin=PLPHN0000014,2023-08-16,Dywidenda,0.0800
https://www.gpw.pl/spolka?isin=PLPHN0000014,2022-08-16,Dywidenda,0.3600
https://www.gpw.pl/spolka?isin=PLPHN0000014,2021-08-13,Dywidenda,0.3500
https://www.gpw.pl/spolka?isin=PLPHN0000014,2020-08-13,Dywidenda,0.5400
https://www.gpw.pl/spolka?isin=PLPHN0000014,2019-08-13,Dywidenda,0.4100
https://www.gpw.pl/spolka?isin=PLPHRMN00011,2024-04-08,Dywidenda,0.8500
https://www.gpw.pl/spolka?isin=PLPHRMN00011,2018-12-18,Prawo poboru,1.00 : 0.30
https://www.gpw.pl/spolka?isin=PLPHRMN00011,2016-08-02,Dywidenda,0.1200
https://www.gpw.pl/spolka?isin=PLPHRMN00011,2015-06-29,Dywidenda,0.1100
https://www.gpw.pl/spolka?isin=PLPHRMN00011,2014-06-26,Dywidenda,0.1100
https://www.gpw.pl/spolka?isin=PLPKBEX00072,2024-06-26,Dywidenda,0.4100
https://www.gpw.pl/spolka?isin=PLPKBEX00072,2023-06-28,Dywidenda,0.4100
https://www.gpw.pl/spolka?isin=PLPKBEX00072,2022-07-27,Dywidenda,0.2000
https://www.gpw.pl/spolka?isin=PLPKBEX00072,2021-07-14,Dywidenda,0.4100
https://www.gpw.pl/spolka?isin=PLPKBEX00072,2020-07-24,Dywidenda,0.1600
https://www.gpw.pl/spolka?isin=PLPKN0000018,2024-09-18,Dywidenda,4.1500
https://www.gpw.pl/spolka?isin=PLPKN0000018,2023-08-08,Dywidenda,5.5000
https://www.gpw.pl/spolka?isin=PLPKN0000018,2022-07-25,Dywidenda,3.5000
https://www.gpw.pl/spolka?isin=PLPKN0000018,2021-07-20,Dywidenda,3.5000
https://www.gpw.pl/spolka?isin=PLPKN0000018,2020-07-10,Dywidenda,1.0000
https://www.gpw.pl/spolka?isin=PLPKO0000016,2024-08-06,Dywidenda,2.5900
https://www.gpw.pl/spolka?isin=PLPKO0000016,2022-08-02,Dywidenda,1.8300
https://www.gpw.pl/spolka?isin=PLPKO0000016,2019-07-29,Dywidenda,1.3300
https://www.gpw.pl/spolka?isin=PLPKO0000016,2018-08-06,Dywidenda,0.5500
https://www.gpw.pl/spolka?isin=PLPKO0000016,2014-09-15,Dywidenda,0.7500
https://www.gpw.pl/spolka?isin=PLPKPCR00011,2019-07-01,Dywidenda,1.5000
https://www.gpw.pl/spolka?isin=PLPKPCR00011,2015-06-11,Dywidenda,2.4600
https://www.gpw.pl/spolka?isin=PLPKPCR00011,2014-05-15,Dywidenda,3.0700
https://www.gpw.pl/spolka?isin=PLPLAYW00015,2024-07-01,Dywidenda,21.8200
https://www.gpw.pl/spolka?isin=PLPLAYW00015,2023-08-18,Dywidenda,19.3900
https://www.gpw.pl/spolka?isin=PLPLAYW00015,2022-06-24,Dywidenda,19.2200
https://www.gpw.pl/spolka?isin=PLPLAYW00015,2021-06-21,Dywidenda,12.7400
https://www.gpw.pl/spolka?isin=PLPLAYW00015,2020-06-18,Dywidenda,9.4600
https://www.gpw.pl/spolka?isin=PLPLSEP00013,2023-09-12,Prawo poboru,1.00 : 0.16
https://www.gpw.pl/spolka?isin=PLPLSEP00013,2016-06-10,Dywidenda,0.5000
https://www.gpw.pl/spolka?isin=PLPLSEP00013,2006-05-11,Dywidenda,0.5000
https://www.gpw.pl/spolka?isin=PLPMPOL00031,2015-01-29,Prawo poboru,2.00 : 1.00
https://www.gpw.pl/spolka?isin=PLPOLWX00026,2023-06-01,Dywidenda,0.2000
https://www.gpw.pl/spolka?isin=PLPOLWX00026,2022-07-06,Dywidenda,0.0800
https://www.gpw.pl/spolka?isin=PLPOLWX00026,2019-07-29,Prawo poboru,1.00 : 2.00
https://www.gpw.pl/spolka?isin=PLPOLWX00026,2016-04-20,Dywidenda,1.0600
https://www.gpw.pl/spolka?isin=PLPOLWX00026,2015-05-20,Dywidenda,1.2200
https://www.gpw.pl/spolka?isin=PLPONAR00012,2014-02-27,Podział (split),10.00
https://www.gpw.pl/spolka?isin=PLPONAR00012,2007-08-21,Prawo poboru,1.00 : 5.00
https://www.gpw.pl/spolka?isin=PLPONAR00012,2007-01-10,Prawo poboru,1.00 : 6.00
https://www.gpw.pl/spolka?isin=PLPONAR00012,2000-05-29,Dywidenda,0.0000
https://www.gpw.pl/spolka?isin=PLPONAR00012,1999-05-26,Dywidenda,0.6000
https://www.gpw.pl/spolka?isin=PLPPWK000014,2007-02-14,Prawo poboru,1.00 : 10.00
https://www.gpw.pl/spolka?isin=PLPPWK000014,2006-07-21,Dywidenda,0.5000
https://www.gpw.pl/spolka?isin=PLPPWK000014,2005-03-18,Prawo poboru,2.00 : 1.00
https://www.gpw.pl/spolka?isin=PLPPWK000014,2000-06-16,Dywidenda,0.0000
https://www.gpw.pl/spolka?isin=PLPPWK000014,1999-04-30,Dywidenda,0.0000
https://www.gpw.pl/spolka?isin=PLPRCHM00014,2016-06-28,Dywidenda,1.5900
https://www.gpw.pl/spolka?isin=PLPRCHM00014,2015-06-26,Dywidenda,0.3500
https://www.gpw.pl/spolka?isin=PLPRCHM00014,2013-06-19,Dywidenda,0.7800
https://www.gpw.pl/spolka?isin=PLPRCHM00014,2009-06-17,Dywidenda,0.1300
https://www.gpw.pl/spolka?isin=PLPRCHM00014,2008-07-02,Dywidenda,0.7000
https://www.gpw.pl/spolka?isin=PLPRESC00018,2017-05-24,Dywidenda,2.8500
https://www.gpw.pl/spolka?isin=PLPRESC00018,2017-02-16,Dywidenda,2.7500
https://www.gpw.pl/spolka?isin=PLPRESC00018,2014-06-09,Dywidenda,0.1200
https://www.gpw.pl/spolka?isin=PLPRESC00018,2012-06-26,Dywidenda,0.1600
https://www.gpw.pl/spolka?isin=PLPRGNK00017,2021-10-15,Dywidenda,1.7700
https://www.gpw.pl/spolka?isin=PLPRGNK00017,2015-07-10,Dywidenda,1.0000
https://www.gpw.pl/spolka?isin=PLPRGNK00017,2014-06-30,Dywidenda,1.0000
https://www.gpw.pl/spolka?isin=PLPRGNK00017,2013-06-25,Dywidenda,1.0900
https://www.gpw.pl/spolka?isin=PLPRGNK00017,2012-06-27,Dywidenda,0.8400
https://www.gpw.pl/spolka?isin=PLPRMMD00012,2008-06-24,Dywidenda,0.2000
https://www.gpw.pl/spolka?isin=PLPROJP00018,2024-09-17,Dywidenda,1.4000
https://www.gpw.pl/spolka?isin=PLPROJP00018,2023-08-10,Dywidenda,0.5100
https://www.gpw.pl/spolka?isin=PLPROJP00018,2021-09-24,Dywidenda,0.3400
https://www.gpw.pl/spolka?isin=PLPROJP00018,2020-09-25,Dywidenda,0.6000
https://www.gpw.pl/spolka?isin=PLPROJP00018,2019-09-10,Dywidenda,0.6000
https://www.gpw.pl/spolka?isin=PLPSSUS00018,2025-06-23,Dywidenda,1.9600
https://www.gpw.pl/spolka?isin=PLPSSUS00018,2024-07-04,Dywidenda,2.9200
https://www.gpw.pl/spolka?isin=PLPSSUS00018,2021-07-06,Dywidenda,0.0700
https://www.gpw.pl/spolka?isin=PLPSSUS00018,2020-08-18,Dywidenda,0.0500
https://www.gpw.pl/spolka?isin=PLPSSUS00018,2019-08-23,Dywidenda,0.0500
https://www.gpw.pl/spolka?isin=PLPTNTS00019,2025-06-27,Dywidenda,0.2500
https://www.gpw.pl/spolka?isin=PLPTNTS00019,2024-06-27,Dywidenda,0.5000
https://www.gpw.pl/spolka?isin=PLPTWP000015,2024-07-04,Dywidenda,4.6900
https://www.gpw.pl/spolka?isin=PLPTWP000015,2023-07-06,Dywidenda,5.6600
https://www.gpw.pl/spolka?isin=PLPTWP000015,2022-07-06,Dywidenda,2.5400
https://www.gpw.pl/spolka?isin=PLPTWP000015,2019-07-04,Dywidenda,0.7700
https://www.gpw.pl/spolka?isin=PLPTWP000015,2018-07-05,Dywidenda,0.7100
https://www.gpw.pl/spolka?isin=PLPWRMD00011,2018-05-28,Dywidenda,0.0300
https://www.gpw.pl/spolka?isin=PLPWRMD00011,2017-05-11,Dywidenda,0.0600
https://www.gpw.pl/spolka?isin=PLPWRMD00011,2016-05-12,Dywidenda,0.0300
https://www.gpw.pl/spolka?isin=PLPWRMD00011,2015-04-30,Dywidenda,0.0800
https://www.gpw.pl/spolka?isin=PLPWRMD00011,2014-05-28,Dywidenda,0.0700
https://www.gpw.pl/spolka?isin=PLPZBDT00013,2012-06-26,Dywidenda,0.0500
https://www.gpw.pl/spolka?isin=PLPZU0000011,2024-09-13,Dywidenda,4.3400
https://www.gpw.pl/spolka?isin=PLPZU0000011,2023-09-05,Dywidenda,2.4000
https://www.gpw.pl/spolka?isin=PLPZU0000011,2022-09-27,Dywidenda,1.9400
https://www.gpw.pl/spolka?isin=PLPZU0000011,2021-09-13,Dywidenda,3.5000
https://www.gpw.pl/spolka?isin=PLPZU0000011,2019-08-12,Dywidenda,2.8000
https://www.gpw.pl/spolka?isin=PLQNTUM00018,2025-06-13,Dywidenda,1.3500
https://www.gpw.pl/spolka?isin=PLQNTUM00018,2024-06-21,Dywidenda,1.7700
https://www.gpw.pl/spolka?isin=PLQNTUM00018,2022-06-29,Dywidenda,3.0000
https://www.gpw.pl/spolka?isin=PLQNTUM00018,2021-08-30,Dywidenda,3.1700
https://www.gpw.pl/spolka?isin=PLQNTUM00018,2020-12-28,Dywidenda,1.3500
https://www.gpw.pl/spolka?isin=PLQRCUS00012,2013-06-11,Dywidenda,0.1800
https://www.gpw.pl/spolka?isin=PLQRCUS00012,2012-06-12,Dywidenda,0.2000
https://www.gpw.pl/spolka?isin=PLQRCUS00012,2011-05-06,Dywidenda,0.0700
https://www.gpw.pl/spolka?isin=PLR220000018,2025-06-02,Dywidenda,2.0000
https://www.gpw.pl/spolka?isin=PLR220000018,2024-06-20,Dywidenda,1.5000
https://www.gpw.pl/spolka?isin=PLR220000018,2023-08-28,Dywidenda,0.9300
https://www.gpw.pl/spolka?isin=PLR220000018,2022-06-08,Dywidenda,0.7100
https://www.gpw.pl/spolka?isin=PLR220000018,2021-06-10,Dywidenda,0.5700
https://www.gpw.pl/spolka?isin=PLRAFAK00018,2017-11-02,Prawo poboru,1.00 : 0.50
https://www.gpw.pl/spolka?isin=PLRAFAK00018,2011-06-16,Dywidenda,0.5700
https://www.gpw.pl/spolka?isin=PLRAFAK00018,2010-07-28,Dywidenda,0.3000
https://www.gpw.pl/spolka?isin=PLRAFAK00018,2009-07-09,Dywidenda,0.1500
https://www.gpw.pl/spolka?isin=PLRAFAK00018,2007-02-20,Prawo poboru,1.00 : 3.00
https://www.gpw.pl/spolka?isin=PLRELPL00014,2019-08-05,Dywidenda,0.4200
https://www.gpw.pl/spolka?isin=PLRELPL00014,2018-08-03,Dywidenda,0.4000
https://www.gpw.pl/spolka?isin=PLRELPL00014,2017-08-03,Dywidenda,0.4000
https://www.gpw.pl/spolka?isin=PLRELPL00014,2016-08-10,Dywidenda,0.5000
https://www.gpw.pl/spolka?isin=PLRELPL00014,2015-07-09,Dywidenda,0.3800
https://www.gpw.pl/spolka?isin=PLREMAK00016,2025-05-02,Dywidenda,0.3000
https://www.gpw.pl/spolka?isin=PLREMAK00016,2024-07-16,Dywidenda,0.3000
https://www.gpw.pl/spolka?isin=PLREMAK00016,2010-04-07,Dywidenda,1.6000
https://www.gpw.pl/spolka?isin=PLREMAK00016,2009-04-27,Dywidenda,0.8500
https://www.gpw.pl/spolka?isin=PLREMAK00016,2000-04-03,Dywidenda,0.0000
https://www.gpw.pl/spolka?isin=PLRFMET00016,2018-09-20,Dywidenda,0.2400
https://www.gpw.pl/spolka?isin=PLRFMET00016,2017-08-11,Dywidenda,0.3000
https://www.gpw.pl/spolka?isin=PLRFMET00016,2016-06-28,Dywidenda,0.3000
https://www.gpw.pl/spolka?isin=PLRFMET00016,2015-06-10,Dywidenda,0.1000
https://www.gpw.pl/spolka?isin=PLRFMET00016,2014-08-11,Dywidenda,0.1500
https://www.gpw.pl/spolka?isin=PLRNBWT00031,2024-06-24,Dywidenda,3.5000
https://www.gpw.pl/spolka?isin=PLRNBWT00031,2023-07-03,Dywidenda,0.5000
https://www.gpw.pl/spolka?isin=PLRNBWT00031,2022-10-19,Dywidenda,1.5000
https://www.gpw.pl/spolka?isin=PLRNBWT00031,2018-06-25,Dywidenda,1.2000
https://www.gpw.pl/spolka?isin=PLRNBWT00031,2017-06-22,Dywidenda,1.0000
https://www.gpw.pl/spolka?isin=PLRNDCB00011,2024-07-29,Dywidenda,5.6000
https://www.gpw.pl/spolka?isin=PLRNKPR00014,2011-06-28,Dywidenda,0.3000
https://www.gpw.pl/spolka?isin=PLROPCE00017,2024-05-31,Dywidenda,1.0000
https://www.gpw.pl/spolka?isin=PLROPCE00017,2023-07-07,Dywidenda,1.5000
https://www.gpw.pl/spolka?isin=PLROPCE00017,2022-04-13,Dywidenda,1.3000
https://www.gpw.pl/spolka?isin=PLROPCE00017,2021-04-29,Dywidenda,1.6000
https://www.gpw.pl/spolka?isin=PLROPCE00017,2020-09-22,Dywidenda,1.0000
https://www.gpw.pl/spolka?isin=PLSANWL00012,2007-09-04,Prawo poboru,1.00 : 9.00
https://www.gpw.pl/spolka?isin=PLSANWL00012,2005-01-14,Podział (split),30.00
https://www.gpw.pl/spolka?isin=PLSANWL00012,2000-05-25,Dywidenda,0.0000
https://www.gpw.pl/spolka?isin=PLSANWL00012,1999-06-08,Dywidenda,0.0000
https://www.gpw.pl/spolka?isin=PLSANWL00012,1998-04-15,Dywidenda,0.0000
https://www.gpw.pl/spolka?isin=PLSCPFL00018,2023-03-23,Dywidenda,85.5700
https://www.gpw.pl/spolka?isin=PLSEKO000014,2025-06-17,Dywidenda,0.7100
https://www.gpw.pl/spolka?isin=PLSEKO000014,2024-05-16,Dywidenda,1.0000
https://www.gpw.pl/spolka?isin=PLSEKO000014,2023-06-28,Dywidenda,0.3300
https://www.gpw.pl/spolka?isin=PLSEKO000014,2021-08-06,Dywidenda,0.3400
https://www.gpw.pl/spolka?isin=PLSEKO000014,2020-09-01,Dywidenda,0.4500
https://www.gpw.pl/spolka?isin=PLSELNA00010,2025-06-06,Dywidenda,2.5000
https://www.gpw.pl/spolka?isin=PLSELNA00010,2024-06-04,Dywidenda,1.5000
https://www.gpw.pl/spolka?isin=PLSELNA00010,2023-06-05,Dywidenda,1.4000
https://www.gpw.pl/spolka?isin=PLSELNA00010,2019-05-30,Dywidenda,0.3000
https://www.gpw.pl/spolka?isin=PLSELNA00010,2018-06-28,Dywidenda,0.3000
https://www.gpw.pl/spolka?isin=PLSFNKS00011,2011-05-23,Prawo poboru,1.00
https://www.gpw.pl/spolka?isin=PLSFNKS00011,2009-10-07,Prawo poboru,1.00 : 0.74
https://www.gpw.pl/spolka?isin=PLSHPR000021,2025-05-16,Dywidenda,1.0300
https://www.gpw.pl/spolka?isin=PLSHPR000021,2024-06-18,Dywidenda,0.6700
https://www.gpw.pl/spolka?isin=PLSHPR000021,2023-08-08,Dywidenda,0.0100
https://www.gpw.pl/spolka?isin=PLSHPR000021,2022-07-04,Dywidenda,0.0100
https://www.gpw.pl/spolka?isin=PLSKRBH00014,2019-11-20,Dywidenda,0.5000
https://www.gpw.pl/spolka?isin=PLSKRBH00014,2018-10-23,Dywidenda,4.4500
https://www.gpw.pl/spolka?isin=PLSKRBH00014,2017-10-23,Dywidenda,2.6200
https://www.gpw.pl/spolka?isin=PLSKRBH00014,2016-11-08,Dywidenda,3.0800
https://www.gpw.pl/spolka?isin=PLSKRBH00014,2015-09-30,Dywidenda,3.1200
https://www.gpw.pl/spolka?isin=PLSKTAN00010,2021-07-13,Prawo poboru,1.00
https://www.gpw.pl/spolka?isin=PLSKTAN00010,2006-04-12,Prawo poboru,1.00 : 24.00
https://www.gpw.pl/spolka?isin=PLSKTAN00010,2000-12-19,Podział (split),3.00
https://www.gpw.pl/spolka?isin=PLSKTAN00010,2000-06-06,Dywidenda,3.5000
https://www.gpw.pl/spolka?isin=PLSKTAN00010,1999-06-08,Dywidenda,1.2500
https://www.gpw.pl/spolka?isin=PLSMFBC00016,2021-07-02,Dywidenda,0.2400
https://www.gpw.pl/spolka?isin=PLSNKTK00019,2025-01-24,Dywidenda,8.2500
https://www.gpw.pl/spolka?isin=PLSNKTK00019,2024-02-29,Dywidenda,3.0300
https://www.gpw.pl/spolka?isin=PLSNKTK00019,2023-02-27,Dywidenda,0.6000
https://www.gpw.pl/spolka?isin=PLSNKTK00019,2022-02-08,Dywidenda,0.4500
https://www.gpw.pl/spolka?isin=PLSNKTK00019,2021-02-16,Dywidenda,0.4500
https://www.gpw.pl/spolka?isin=PLSNZKA00033,2025-06-09,Dywidenda,3.0000
https://www.gpw.pl/spolka?isin=PLSNZKA00033,2024-05-13,Dywidenda,3.1700
https://www.gpw.pl/spolka?isin=PLSNZKA00033,2023-05-12,Dywidenda,2.0000
https://www.gpw.pl/spolka?isin=PLSNZKA00033,2022-06-13,Dywidenda,2.5000
https://www.gpw.pl/spolka?isin=PLSNZKA00033,2021-05-13,Dywidenda,3.6000
https://www.gpw.pl/spolka?isin=PLSOFTB00016,2025-06-20,Dywidenda,3.9400
https://www.gpw.pl/spolka?isin=PLSOFTB00016,2024-06-19,Dywidenda,3.6600
https://www.gpw.pl/spolka?isin=PLSOFTB00016,2023-06-15,Dywidenda,3.5000
https://www.gpw.pl/spolka?isin=PLSOFTB00016,2022-06-08,Dywidenda,3.3600
https://www.gpw.pl/spolka?isin=PLSOFTB00016,2021-06-01,Dywidenda,3.1100
https://www.gpw.pl/spolka?isin=PLSONEL00011,2025-06-25,Dywidenda,0.6500
https://www.gpw.pl/spolka?isin=PLSONEL00011,2024-07-23,Dywidenda,0.7000
https://www.gpw.pl/spolka?isin=PLSONEL00011,2023-06-12,Dywidenda,0.6000
https://www.gpw.pl/spolka?isin=PLSONEL00011,2022-07-21,Dywidenda,0.5000
https://www.gpw.pl/spolka?isin=PLSONEL00011,2021-06-10,Dywidenda,1.0000
https://www.gpw.pl/spolka?isin=PLSTLEX00019,2025-04-15,Dywidenda,0.6300
https://www.gpw.pl/spolka?isin=PLSTLEX00019,2024-04-17,Dywidenda,0.4500
https://www.gpw.pl/spolka?isin=PLSTLEX00019,2023-04-11,Dywidenda,0.2000
https://www.gpw.pl/spolka?isin=PLSTLEX00019,2022-04-11,Dywidenda,0.2400
https://www.gpw.pl/spolka?isin=PLSTLEX00019,2021-04-07,Dywidenda,0.6400
https://www.gpw.pl/spolka?isin=PLSTLPD00017,2023-06-29,Dywidenda,15.0000
https://www.gpw.pl/spolka?isin=PLSTLPD00017,2022-06-30,Dywidenda,12.0000
https://www.gpw.pl/spolka?isin=PLSTLPD00017,2021-06-30,Dywidenda,6.0000
https://www.gpw.pl/spolka?isin=PLSTLPD00017,2019-06-27,Dywidenda,5.0000
https://www.gpw.pl/spolka?isin=PLSTLPD00017,2018-07-11,Dywidenda,3.0000
https://www.gpw.pl/spolka?isin=PLSTLPF00012,2024-08-19,Dywidenda,0.3000
https://www.gpw.pl/spolka?isin=PLSTLPF00012,2023-08-21,Dywidenda,0.7400
https://www.gpw.pl/spolka?isin=PLSTLPF00012,2022-08-22,Dywidenda,1.2000
https://www.gpw.pl/spolka?isin=PLSTLPF00012,2021-08-20,Dywidenda,0.1600
https://www.gpw.pl/spolka?isin=PLSTLPF00012,2020-09-22,Dywidenda,0.0700
https://www.gpw.pl/spolka?isin=PLSTLSK00016,2024-09-20,Dywidenda,1.2000
https://www.gpw.pl/spolka?isin=PLSTLSK00016,2023-07-04,Dywidenda,1.2000
https://www.gpw.pl/spolka?isin=PLSTLSK00016,2021-07-02,Dywidenda,1.0000
https://www.gpw.pl/spolka?isin=PLSTLSK00016,2019-07-01,Dywidenda,1.0000
https://www.gpw.pl/spolka?isin=PLSTLSK00016,2018-07-04,Dywidenda,3.0000
https://www.gpw.pl/spolka?isin=PLSTPRK00019,2023-07-04,Dywidenda,0.2000
https://www.gpw.pl/spolka?isin=PLSTPRK00019,2013-07-30,Dywidenda,0.3500
https://www.gpw.pl/spolka?isin=PLSTPRK00019,2012-07-30,Dywidenda,0.5500
https://www.gpw.pl/spolka?isin=PLSTPRK00019,2009-08-05,Dywidenda,0.2500
https://www.gpw.pl/spolka?isin=PLSTPRK00019,2008-06-10,Dywidenda,0.4500
https://www.gpw.pl/spolka?isin=PLSUNEX00013,2023-07-14,Dywidenda,0.2800
https://www.gpw.pl/spolka?isin=PLSUNEX00013,2022-06-20,Dywidenda,0.1000
https://www.gpw.pl/spolka?isin=PLSUNEX00013,2021-06-24,Dywidenda,0.0400
https://www.gpw.pl/spolka?isin=PLSUNEX00013,2020-09-14,Podział (split),5.00
https://www.gpw.pl/spolka?isin=PLSUNEX00013,2020-07-07,Dywidenda,0.1000
https://www.gpw.pl/spolka?isin=PLTALEX00017,2025-06-16,Dywidenda,0.2500
https://www.gpw.pl/spolka?isin=PLTALEX00017,2024-06-20,Dywidenda,0.9000
https://www.gpw.pl/spolka?isin=PLTALEX00017,2021-06-22,Dywidenda,0.7000
https://www.gpw.pl/spolka?isin=PLTALEX00017,2020-06-22,Dywidenda,0.6000
https://www.gpw.pl/spolka?isin=PLTALEX00017,2019-06-19,Dywidenda,1.3000
https://www.gpw.pl/spolka?isin=PLTAURN00011,2015-07-20,Dywidenda,0.1500
https://www.gpw.pl/spolka?isin=PLTAURN00011,2014-08-11,Dywidenda,0.1900
https://www.gpw.pl/spolka?isin=PLTAURN00011,2013-05-28,Dywidenda,0.2000
https://www.gpw.pl/spolka?isin=PLTAURN00011,2012-06-27,Dywidenda,0.3100
https://www.gpw.pl/spolka?isin=PLTAURN00011,2011-06-27,Dywidenda,0.1500
https://www.gpw.pl/spolka?isin=PLTLKPL00017,2025-06-23,Dywidenda,0.5300
https://www.gpw.pl/spolka?isin=PLTLKPL00017,2024-06-24,Dywidenda,0.4800
https://www.gpw.pl/spolka?isin=PLTLKPL00017,2023-07-10,Dywidenda,0.3500
https://www.gpw.pl/spolka?isin=PLTLKPL00017,2022-06-20,Dywidenda,0.2500
https://www.gpw.pl/spolka?isin=PLTLKPL00017,2016-06-20,Dywidenda,0.2500
https://www.gpw.pl/spolka?isin=PLTNDRH00012,2024-01-25,Prawo poboru,9.00 : 1.00
https://www.gpw.pl/spolka?isin=PLTORPL00016,2024-07-30,Dywidenda,2.1100
https://www.gpw.pl/spolka?isin=PLTORPL00016,2022-07-13,Dywidenda,3.0000
https://www.gpw.pl/spolka?isin=PLTORPL00016,2021-06-28,Dywidenda,1.5300
https://www.gpw.pl/spolka?isin=PLTORPL00016,2020-07-29,Dywidenda,0.9000
https://www.gpw.pl/spolka?isin=PLTORPL00016,2019-07-29,Dywidenda,0.2500
https://www.gpw.pl/spolka?isin=PLTOYA000011,2021-07-23,Dywidenda,0.2900
https://www.gpw.pl/spolka?isin=PLTOYA000011,2020-11-20,Dywidenda,0.8000
https://www.gpw.pl/spolka?isin=PLTOYA000011,2018-06-29,Dywidenda,0.4700
https://www.gpw.pl/spolka?isin=PLTOYA000011,2016-07-07,Dywidenda,0.3600
https://www.gpw.pl/spolka?isin=PLTOYA000011,2014-07-08,Dywidenda,0.1900
https://www.gpw.pl/spolka?isin=PLTRCZN00016,2024-06-20,Dywidenda,2.9000
https://www.gpw.pl/spolka?isin=PLTRCZN00016,2023-06-20,Dywidenda,2.2000
https://www.gpw.pl/spolka?isin=PLTRCZN00016,2022-06-28,Dywidenda,2.0000
https://www.gpw.pl/spolka?isin=PLTRCZN00016,2021-06-02,Dywidenda,1.5000
https://www.gpw.pl/spolka?isin=PLTRCZN00016,2019-06-14,Dywidenda,0.5000
https://www.gpw.pl/spolka?isin=PLTRFRM00018,2024-06-11,Dywidenda,14.5000
https://www.gpw.pl/spolka?isin=PLTRFRM00018,2023-07-14,Dywidenda,13.0000
https://www.gpw.pl/spolka?isin=PLTRFRM00018,2022-05-05,Dywidenda,11.5000
https://www.gpw.pl/spolka?isin=PLTRFRM00018,2021-05-07,Dywidenda,10.0000
https://www.gpw.pl/spolka?isin=PLTRFRM00018,2020-05-19,Dywidenda,8.6500
https://www.gpw.pl/spolka?isin=PLTRKPL00014,2018-09-21,Dywidenda,0.1000
https://www.gpw.pl/spolka?isin=PLTRKPL00014,2017-07-03,Dywidenda,0.5000
https://www.gpw.pl/spolka?isin=PLTRKPL00014,2016-06-22,Dywidenda,0.3400
https://www.gpw.pl/spolka?isin=PLTRKPL00014,2009-07-27,Dywidenda,0.1000
https://www.gpw.pl/spolka?isin=PLTRMRX00011,2025-06-13,Dywidenda,0.0400
https://www.gpw.pl/spolka?isin=PLTRNSP00013,2024-08-14,Dywidenda,0.1100
https://www.gpw.pl/spolka?isin=PLTRNSP00013,2023-08-11,Dywidenda,0.5000
https://www.gpw.pl/spolka?isin=PLTRNSP00013,2022-08-11,Dywidenda,0.1300
https://www.gpw.pl/spolka?isin=PLTRNSP00013,2021-08-12,Dywidenda,0.2700
https://www.gpw.pl/spolka?isin=PLTRNSP00013,2020-12-10,Dywidenda,0.0900
https://www.gpw.pl/spolka?isin=PLTRNSU00013,2021-09-28,Dywidenda,0.2500
https://www.gpw.pl/spolka?isin=PLTRNSU00013,2011-08-11,Dywidenda,0.0500
https://www.gpw.pl/spolka?isin=PLTRNSU00013,2010-07-23,Dywidenda,0.0500
https://www.gpw.pl/spolka?isin=PLTRNSU00013,2009-07-23,Dywidenda,0.0500
https://www.gpw.pl/spolka?isin=PLTRNSU00013,2008-05-29,Dywidenda,0.2000
https://www.gpw.pl/spolka?isin=PLTSGS000019,2023-08-17,Dywidenda,0.2000
https://www.gpw.pl/spolka?isin=PLTSGS000019,2022-07-04,Dywidenda,0.3000
https://www.gpw.pl/spolka?isin=PLTSGS000019,2016-06-28,Dywidenda,0.1000
https://www.gpw.pl/spolka?isin=PLTSGS000019,2015-07-09,Dywidenda,0.1000
https://www.gpw.pl/spolka?isin=PLTSGS000019,2014-06-13,Dywidenda,0.2500
https://www.gpw.pl/spolka?isin=PLTSQGM00016,2025-06-17,Dywidenda,15.7300
https://www.gpw.pl/spolka?isin=PLTSQGM00016,2023-06-19,Dywidenda,7.2000
https://www.gpw.pl/spolka?isin=PLTSQGM00016,2022-05-31,Dywidenda,10.0000
https://www.gpw.pl/spolka?isin=PLTSQGM00016,2021-07-01,Dywidenda,10.0000
https://www.gpw.pl/spolka?isin=PLTSQGM00016,2020-05-27,Dywidenda,3.7800
https://www.gpw.pl/spolka?isin=PLTWRNV00013,2025-03-12,Prawo poboru,1.00
https://www.gpw.pl/spolka?isin=PLTWRNV00013,2019-08-23,Dywidenda,1.0000
https://www.gpw.pl/spolka?isin=PLULTGM00013,2024-08-16,Dywidenda,0.5000
https://www.gpw.pl/spolka?isin=PLULTGM00013,2023-06-15,Dywidenda,0.5000
https://www.gpw.pl/spolka?isin=PLULTGM00013,2022-06-13,Dywidenda,1.5000
https://www.gpw.pl/spolka?isin=PLULTGM00013,2021-06-08,Dywidenda,2.0000
https://www.gpw.pl/spolka?isin=PLULTGM00013,2020-07-01,Dywidenda,0.4000
https://www.gpw.pl/spolka?isin=PLUNBEP00015,2023-07-20,Dywidenda,0.2200
https://www.gpw.pl/spolka?isin=PLUNBEP00015,2022-07-21,Dywidenda,0.5000
https://www.gpw.pl/spolka?isin=PLUNBEP00015,2021-06-29,Dywidenda,0.3000
https://www.gpw.pl/spolka?isin=PLUNBEP00015,2020-06-29,Dywidenda,0.2200
https://www.gpw.pl/spolka?isin=PLUNBEP00015,2019-06-21,Dywidenda,0.2200
https://www.gpw.pl/spolka?isin=PLUNMOT00013,2025-06-12,Dywidenda,6.0000
https://www.gpw.pl/spolka?isin=PLUNMOT00013,2024-06-24,Dywidenda,4.0000
https://www.gpw.pl/spolka?isin=PLUNMOT00013,2023-06-07,Dywidenda,13.6900
https://www.gpw.pl/spolka?isin=PLUNMOT00013,2021-06-01,Dywidenda,1.9700
https://www.gpw.pl/spolka?isin=PLUNMOT00013,2020-06-16,Dywidenda,1.9700
https://www.gpw.pl/spolka?isin=PLUNMST00014,2020-09-28,Dywidenda,0.1400
https://www.gpw.pl/spolka?isin=PLUNMST00014,2018-09-17,Dywidenda,0.1200
https://www.gpw.pl/spolka?isin=PLUNMST00014,2017-09-18,Dywidenda,0.1800
https://www.gpw.pl/spolka?isin=PLUNMST00014,2016-09-28,Dywidenda,0.2000
https://www.gpw.pl/spolka?isin=PLUNMST00014,2016-03-11,Dywidenda,0.1700
https://www.gpw.pl/spolka?isin=PLVIGOS00015,2017-05-29,Dywidenda,8.2400
https://www.gpw.pl/spolka?isin=PLVIGOS00015,2016-05-17,Dywidenda,6.4900
https://www.gpw.pl/spolka?isin=PLVIGOS00015,2015-05-26,Dywidenda,5.6100
https://www.gpw.pl/spolka?isin=PLVNDEX00013,2025-06-02,Dywidenda,0.5000
https://www.gpw.pl/spolka?isin=PLVNDEX00013,2024-06-28,Dywidenda,0.4000
https://www.gpw.pl/spolka?isin=PLVNDEX00013,2023-08-31,Dywidenda,0.2700
https://www.gpw.pl/spolka?isin=PLVNDEX00013,2022-07-08,Dywidenda,0.2500
https://www.gpw.pl/spolka?isin=PLVNDEX00013,2021-07-08,Dywidenda,0.1000
https://www.gpw.pl/spolka?isin=PLVNTIN00011,2022-07-06,Dywidenda,0.1100
https://www.gpw.pl/spolka?isin=PLVNTIN00011,2021-04-26,Dywidenda,0.0700
https://www.gpw.pl/spolka?isin=PLVOTUM00016,2025-05-28,Dywidenda,3.3300
https://www.gpw.pl/spolka?isin=PLVOTUM00016,2024-09-16,Dywidenda,2.4200
https://www.gpw.pl/spolka?isin=PLVOTUM00016,2023-09-19,Dywidenda,2.5000
https://www.gpw.pl/spolka?isin=PLVOTUM00016,2022-09-20,Dywidenda,0.4100
https://www.gpw.pl/spolka?isin=PLVOTUM00016,2021-09-17,Dywidenda,0.3500
https://www.gpw.pl/spolka?isin=PLVOXEL00014,2024-09-18,Dywidenda,2.7800
https://www.gpw.pl/spolka?isin=PLVOXEL00014,2023-09-27,Dywidenda,2.1700
https://www.gpw.pl/spolka?isin=PLVOXEL00014,2022-06-28,Dywidenda,3.0000
https://www.gpw.pl/spolka?isin=PLVOXEL00014,2021-07-29,Dywidenda,2.0000
https://www.gpw.pl/spolka?isin=PLVOXEL00014,2020-08-24,Dywidenda,0.9100
https://www.gpw.pl/spolka?isin=PLVRCM000016,2025-05-16,Dywidenda,2.0300
https://www.gpw.pl/spolka?isin=PLVRCM000016,2024-05-27,Dywidenda,1.6000
https://www.gpw.pl/spolka?isin=PLVRCM000016,2023-08-17,Dywidenda,1.1300
https://www.gpw.pl/spolka?isin=PLVSTLA00011,2024-09-18,Dywidenda,0.0900
https://www.gpw.pl/spolka?isin=PLVSTLA00011,2023-09-18,Dywidenda,0.2000
https://www.gpw.pl/spolka?isin=PLVSTLA00011,2022-07-13,Dywidenda,0.1700
https://www.gpw.pl/spolka?isin=PLVSTLA00011,2012-07-02,Prawo poboru,1.00 : 0.20
https://www.gpw.pl/spolka?isin=PLVSTLA00011,2007-09-06,Podział (split),10.00
https://www.gpw.pl/spolka?isin=PLVTLGD00010,2016-07-27,Dywidenda,0.4000
https://www.gpw.pl/spolka?isin=PLVTLGD00010,2015-07-28,Dywidenda,0.3000
https://www.gpw.pl/spolka?isin=PLWAWEL00013,2024-06-18,Dywidenda,35.0000
https://www.gpw.pl/spolka?isin=PLWAWEL00013,2023-07-12,Dywidenda,10.0000
https://www.gpw.pl/spolka?isin=PLWAWEL00013,2021-04-06,Dywidenda,25.0000
https://www.gpw.pl/spolka?isin=PLWAWEL00013,2020-06-04,Dywidenda,30.0000
https://www.gpw.pl/spolka?isin=PLWAWEL00013,2019-07-04,Dywidenda,25.0000
https://www.gpw.pl/spolka?isin=PLWDM0000029,2013-01-28,Prawo poboru,1.00
https://www.gpw.pl/spolka?isin=PLWDM0000029,2008-09-15,Dywidenda,0.0200
https://www.gpw.pl/spolka?isin=PLWELTN00012,2023-07-31,Dywidenda,0.4000
https://www.gpw.pl/spolka?isin=PLWELTN00012,2021-09-22,Dywidenda,0.3300
https://www.gpw.pl/spolka?isin=PLWELTN00012,2019-06-14,Dywidenda,0.3300
https://www.gpw.pl/spolka?isin=PLWELTN00012,2018-05-28,Dywidenda,0.2500
https://www.gpw.pl/spolka?isin=PLWELTN00012,2017-06-08,Dywidenda,0.2500
https://www.gpw.pl/spolka?isin=PLWNDMB00010,2023-09-25,Dywidenda,1.0000
https://www.gpw.pl/spolka?isin=PLWNDMB00010,2022-07-27,Dywidenda,0.3200
https://www.gpw.pl/spolka?isin=PLWNDMB00010,2021-07-08,Dywidenda,0.3200
https://www.gpw.pl/spolka?isin=PLWNDMB00010,2017-08-08,Dywidenda,0.2000
https://www.gpw.pl/spolka?isin=PLWRKSR00019,2025-01-13,Prawo poboru,1.00 : 0.20
https://www.gpw.pl/spolka?isin=PLWRKSR00019,2024-01-10,Prawo poboru,1.00 : 0.50
https://www.gpw.pl/spolka?isin=PLWRKSR00019,2022-08-11,Prawo poboru,1.00 : 1.50
https://www.gpw.pl/spolka?isin=PLWRKSR00019,2015-06-23,Dywidenda,0.1600
https://www.gpw.pl/spolka?isin=PLWRKSR00019,2012-09-25,Dywidenda,0.1000
https://www.gpw.pl/spolka?isin=PLWRTPL00027,2024-07-18,Dywidenda,2.0000
https://www.gpw.pl/spolka?isin=PLWRTPL00027,2023-06-30,Dywidenda,2.5000
https://www.gpw.pl/spolka?isin=PLWRTPL00027,2022-06-30,Dywidenda,1.2000
https://www.gpw.pl/spolka?isin=PLWRTPL00027,2021-06-18,Dywidenda,1.5500
https://www.gpw.pl/spolka?isin=PLWRTPL00027,2019-06-05,Dywidenda,1.0000
https://www.gpw.pl/spolka?isin=PLWRWCK00013,2025-06-12,Dywidenda,1.0000
https://www.gpw.pl/spolka?isin=PLWRWCK00013,2024-06-14,Dywidenda,1.0000
https://www.gpw.pl/spolka?isin=PLWRWCK00013,2023-06-13,Dywidenda,1.0000
https://www.gpw.pl/spolka?isin=PLWRWCK00013,2022-06-13,Dywidenda,0.3000
https://www.gpw.pl/spolka?isin=PLWRWCK00013,2021-06-29,Dywidenda,0.5500
https://www.gpw.pl/spolka?isin=PLWTCHN00030,2024-07-26,Dywidenda,3.5700
https://www.gpw.pl/spolka?isin=PLWTCHN00030,2023-06-12,Dywidenda,3.3300
https://www.gpw.pl/spolka?isin=PLWTCHN00030,2022-06-01,Dywidenda,3.0300
https://www.gpw.pl/spolka?isin=PLWTCHN00030,2019-06-12,Dywidenda,1.0000
https://www.gpw.pl/spolka?isin=PLWTCHN00030,2018-05-21,Dywidenda,0.8400
https://www.gpw.pl/spolka?isin=PLXPLUS00013,2023-07-06,Dywidenda,0.0600
https://www.gpw.pl/spolka?isin=PLXPLUS00013,2022-07-27,Dywidenda,0.1000
https://www.gpw.pl/spolka?isin=PLXPLUS00013,2021-07-06,Dywidenda,0.1000
https://www.gpw.pl/spolka?isin=PLXPLUS00013,2020-07-27,Dywidenda,0.0600
https://www.gpw.pl/spolka?isin=PLXPLUS00013,2019-06-12,Dywidenda,0.0300
https://www.gpw.pl/spolka?isin=PLXTRDM00011,2025-06-12,Dywidenda,5.4500
https://www.gpw.pl/spolka?isin=PLXTRDM00011,2024-05-29,Dywidenda,5.0200
https://www.gpw.pl/spolka?isin=PLXTRDM00011,2023-07-06,Dywidenda,4.8600
https://www.gpw.pl/spolka?isin=PLXTRDM00011,2022-05-02,Dywidenda,1.5000
https://www.gpw.pl/spolka?isin=PLXTRDM00011,2021-04-19,Dywidenda,1.7900
https://www.gpw.pl/spolka?isin=PLZAMET00010,2024-06-25,Dywidenda,0.3900
https://www.gpw.pl/spolka?isin=PLZAMET00010,2013-05-15,Dywidenda,0.3200
https://www.gpw.pl/spolka?isin=PLZAMET00010,2012-06-26,Dywidenda,0.1800
https://www.gpw.pl/spolka?isin=PLZAPUL00057,2022-07-27,Dywidenda,6.6000
https://www.gpw.pl/spolka?isin=PLZAPUL00057,2020-06-30,Dywidenda,5.4500
https://www.gpw.pl/spolka?isin=PLZAPUL00057,2019-06-28,Dywidenda,1.7600
https://www.gpw.pl/spolka?isin=PLZAPUL00057,2018-06-11,Dywidenda,4.4600
https://www.gpw.pl/spolka?isin=PLZAPUL00057,2017-06-08,Dywidenda,8.5800
https://www.gpw.pl/spolka?isin=PLZATRM00012,2018-07-23,Dywidenda,1.2500
https://www.gpw.pl/spolka?isin=PLZATRM00012,2017-08-02,Dywidenda,0.7900
https://www.gpw.pl/spolka?isin=PLZATRM00012,2016-06-16,Dywidenda,0.8400
https://www.gpw.pl/spolka?isin=PLZATRM00012,2014-06-13,Dywidenda,0.2000
https://www.gpw.pl/spolka?isin=PLZATRM00012,2013-04-17,Dywidenda,1.5000
https://www.gpw.pl/spolka?isin=PLZBMZC00019,2008-10-14,Podział (split),100.00
https://www.gpw.pl/spolka?isin=PLZCPLC00036,2019-11-05,Prawo poboru,1.00 : 1.47
https://www.gpw.pl/spolka?isin=PLZCPLC00036,2018-07-06,Dywidenda,0.5300
https://www.gpw.pl/spolka?isin=PLZCPLC00036,2017-06-28,Dywidenda,0.4200
https://www.gpw.pl/spolka?isin=PLZCPLC00036,2015-06-09,Dywidenda,0.5600
https://www.gpw.pl/spolka?isin=PLZCPLC00036,2014-05-21,Dywidenda,0.3100
https://www.gpw.pl/spolka?isin=PLZEPAK00012,2018-07-30,Dywidenda,1.2000
https://www.gpw.pl/spolka?isin=PLZEPAK00012,2017-08-02,Dywidenda,1.2900
https://www.gpw.pl/spolka?isin=PLZEPAK00012,2015-09-24,Dywidenda,1.2000
https://www.gpw.pl/spolka?isin=PLZEPAK00012,2014-08-01,Dywidenda,0.6800
https://www.gpw.pl/spolka?isin=PLZPCOT00018,2018-06-05,Prawo poboru,1.00
https://www.gpw.pl/spolka?isin=PLZRWZW00012,2018-08-27,Dywidenda,0.0700
https://www.gpw.pl/spolka?isin=PLZRWZW00012,2017-09-27,Dywidenda,0.1600
https://www.gpw.pl/spolka?isin=PLZRWZW00012,2016-08-22,Dywidenda,0.1600
https://www.gpw.pl/spolka?isin=PLZRWZW00012,2015-08-26,Dywidenda,0.0600
https://www.gpw.pl/spolka?isin=PLZRWZW00012,2010-12-15,Prawo poboru,1.00
https://www.gpw.pl/spolka?isin=PLZSTAL00012,2021-02-18,Podział (split),30.00
https://www.gpw.pl/spolka?isin=PLZTKMA00017,2025-06-06,Dywidenda,5.5000
https://www.gpw.pl/spolka?isin=PLZTKMA00017,2024-06-19,Dywidenda,6.7500
https://www.gpw.pl/spolka?isin=PLZTKMA00017,2023-06-16,Dywidenda,9.0000
https://www.gpw.pl/spolka?isin=PLZTKMA00017,2022-05-23,Dywidenda,4.8000
https://www.gpw.pl/spolka?isin=PLZTKMA00017,2021-06-14,Dywidenda,4.5000
https://www.gpw.pl/spolka?isin=PLZUE0000015,2024-09-10,Dywidenda,0.2100
https://www.gpw.pl/spolka?isin=PLZUE0000015,2023-07-14,Dywidenda,0.0700
https://www.gpw.pl/spolka?isin=PLZUE0000015,2022-06-07,Dywidenda,0.1500
https://www.gpw.pl/spolka?isin=PLZUE0000015,2016-06-09,Dywidenda,0.3300
https://www.gpw.pl/spolka?isin=SI0031102120,2024-07-22,Dywidenda,7.5000
https://www.gpw.pl/spolka?isin=SI0031102120,2023-07-17,Dywidenda,6.6000
https://www.gpw.pl/spolka?isin=SI0031102120,2022-07-18,Dywidenda,5.6300
https://www.gpw.pl/spolka?isin=SI0031102120,2021-07-19,Dywidenda,5.0000
https://www.gpw.pl/spolka?isin=SI0031102120,2020-07-20,Dywidenda,4.2500
